run_id,mode,block,policy_seed,seed,cubeA_x,cubeA_y,cubeA_theta,cubeB_x,cubeB_y,cubeB_theta,separation,relative_yaw,relative_yaw_mod90,face_gap,dist_A,dist_B,dist_max,dist_min,success_once,success_at_end,ep_len,ever_grasped,ever_placed,ever_static,final_cubeA_x,final_cubeA_y,final_cubeA_z,cubeB_displacement
mode_nominal_seed3,nominal,3,3,10200,-0.03915737569332123,-0.23581573367118835,1.9943617791117474,-0.11602883785963058,-0.21229904890060425,-1.2224276643252008,0.08038815931581811,3.0663958637426383,-0.07519678984715483,0.024156576967806143,0.6222570113829844,0.5422574174797538,0.6222570113829844,0.5422574174797538,1,0,200,1,1,1,-0.024174407124519348,-0.1519155204296112,0.07790402323007584,0.005628152235801864
mode_nominal_seed3,nominal,3,3,10201,-0.054658181965351105,-0.048816293478012085,-0.8039677999818338,-0.054741889238357544,-0.18410657346248627,1.427129280877728,0.1352903058802994,2.231097080859562,0.6603007540646653,0.08436365194297332,0.5624642064587817,0.5897324656709199,0.5897324656709199,0.5624642064587817,1,0,200,1,1,1,-0.04584016650915146,-0.16580738127231598,0.05999356135725975,0.004826759593235828
mode_nominal_seed3,nominal,3,3,10202,-0.06675820052623749,-0.16017389297485352,0.592434940509956,0.0245659276843071,0.07666726410388947,-1.390769381470463,0.2538381966525404,-1.983204321980419,-0.4124079951855224,0.19849489709358464,0.5711608763570463,0.6441447393558872,0.6441447393558872,0.5711608763570463,1,1,200,1,1,1,0.025657281279563904,0.08919063210487366,0.05999843776226044,0.005761302294238827
mode_nominal_seed3,nominal,3,3,10203,-0.013070188462734222,-0.09425275772809982,2.5906958446305324,0.10868178308010101,0.21138358116149902,-0.5584686591472607,0.32899409451296396,3.1340208034017927,-0.00757185018800044,0.2826217657200551,0.609264376405383,0.7539219731156894,0.7539219731156894,0.609264376405383,1,1,200,1,1,1,0.09766948968172073,0.2034832090139389,0.05999669060111046,9.440224679256031e-05
mode_nominal_seed3,nominal,3,3,10204,0.027355246245861053,0.038500674068927765,-2.7272933295469066,-0.0573086254298687,-0.01087004691362381,-2.8745060468122956,0.09800734287522232,-0.14721271726538898,-0.14721271726538898,0.051387272243632466,0.6435080141562672,0.5577972993748059,0.6435080141562672,0.5577972993748059,1,1,200,1,1,1,-0.0489790178835392,0.003511110320687294,0.059995703399181366,0.00267216077418927
mode_nominal_seed3,nominal,3,3,10205,0.14457638561725616,-0.090760238468647,2.0810347682694474,0.0903611108660698,-0.21863651275634766,0.9919166843561262,0.13889433948887145,-1.0891180839133217,0.4816782428815749,0.08761034404568765,0.7649795464417727,0.7384688357896172,0.7649795464417727,0.7384688357896172,0,0,200,1,0,1,-0.03450095281004906,-0.07897602766752243,0.10038501769304276,4.0140446022369874e-05
mode_nominal_seed3,nominal,3,3,10206,0.006101831793785095,-0.23813578486442566,2.9065644688140186,-0.15629789233207703,-0.025504089891910553,2.2207936103571577,0.2675554299636635,-0.6857708584568609,-0.6857708584568609,0.21937281844615983,0.6651887983802729,0.4594105812671378,0.6651887983802729,0.4594105812671378,1,1,200,1,1,1,-0.16960746049880981,-0.038179587572813034,0.06000608205795288,6.06181087187483e-06
mode_nominal_seed3,nominal,3,3,10207,-0.14326369762420654,0.10816475003957748,0.016889892357903058,-0.1303221881389618,0.014170311391353607,-2.1817291531722525,0.09488117392060136,-2.1986190455301555,-0.627822718735259,0.044367680443287,0.48397804922362986,0.48488491318593513,0.48488491318593513,0.48397804922362986,1,1,200,1,1,1,-0.12398290634155273,0.003576630959287286,0.059995874762535095,7.656636058528609e-05
mode_nominal_seed3,nominal,3,3,10208,-0.13491509854793549,-0.0821119099855423,-2.747361732735259,-0.06785575300455093,0.017307098954916,-1.80033584727847,0.11992120397748672,0.9470258854567888,-0.6237704413381078,0.06640497443273057,0.4870563400303011,0.5474179049816075,0.5474179049816075,0.4870563400303011,0,0,200,1,1,1,0.029301581904292107,0.016641542315483093,0.019999932497739792,0.037189922025015025
mode_nominal_seed3,nominal,3,3,10209,-0.030782807618379593,-0.08021072298288345,-0.32414945279931207,-0.12927202880382538,-0.04623296111822128,-2.4056547196014915,0.10418548359079279,-2.0815052668021794,-0.5107089400072828,0.056863835872152955,0.5896977937517658,0.48792330206305046,0.5896977937517658,0.48792330206305046,1,1,200,1,1,1,-0.12455211579799652,-0.056826721876859665,0.05999716743826866,2.6115985497330044e-06
mode_nominal_seed3,nominal,3,3,10210,-0.09215883165597916,-0.18634924292564392,1.5830382134044363,0.000995345413684845,-0.1118420958518982,3.0053548977943043,0.11928543779772571,1.422316684389868,-0.14847964240502853,0.06293977689482733,0.55505758949347,0.6260662265095204,0.6260662265095204,0.55505758949347,1,1,200,1,1,1,0.0091481301933527,-0.10981085896492004,0.05999850854277611,0.0012779984291454076
mode_nominal_seed3,nominal,3,3,10211,-0.022235102951526642,0.07523871213197708,1.8896145681580439,-0.14529511332511902,0.18430516123771667,-0.9071987312580063,0.164436177508733,-2.7968132994160504,0.3447793541737427,0.11380263548300695,0.5975207837189981,0.504570186421199,0.5975207837189981,0.504570186421199,1,1,200,1,1,1,-0.14231596887111664,0.17036603391170502,0.05999351665377617,6.3410525374616866e-06
mode_nominal_seed3,nominal,3,3,10212,-0.09723500907421112,-0.07138223201036453,-2.4476065656876855,-0.11002174019813538,-0.1985466182231903,-0.02699309955607765,0.12780563999182606,2.420613466131608,-0.7209791874581852,0.07811290862947373,0.5226624234390337,0.5426083324833713,0.5426083324833713,0.5226624234390337,1,1,200,1,1,1,-0.12300922721624374,-0.20120085775852203,0.059997789561748505,1.8000362180293173e-06
mode_nominal_seed3,nominal,3,3,10213,-0.01409398764371872,0.05509837716817856,1.748929840106735,-0.18900656700134277,0.09362515062093735,0.7291547290240681,0.17910533964741904,-1.0197751110826667,0.5510212157122298,0.12502946103014845,0.6034267700827451,0.4361606054961574,0.6034267700827451,0.4361606054961574,0,0,200,1,0,1,-0.14255563914775848,0.08634937554597855,0.1082475483417511,0.019915383588064065
mode_nominal_seed3,nominal,3,3,10214,-0.03559961915016174,0.23127663135528564,-2.2849598312609523,-0.019774824380874634,0.06886687129735947,2.257683066898969,0.16317890271589403,-1.7405424090196648,-0.16974608222476828,0.107159422156706,0.6238538943855254,0.5991958408175959,0.6238538943855254,0.5991958408175959,1,1,200,1,1,1,-0.0292099229991436,0.06901784241199493,0.059997595846652985,1.1782758133364862e-06
mode_nominal_seed3,nominal,3,3,10215,0.010091565549373627,-0.07564402371644974,-1.440414669952112,-0.09890278428792953,0.2584006190299988,-0.19425088420668324,0.3513767090233199,1.2461637857454289,-0.3246325410494677,0.300823123159538,0.6296518749634449,0.5771717387232659,0.6296518749634449,0.5771717387232659,1,1,200,1,1,1,-0.10410366952419281,0.25180527567863464,0.05999799072742462,2.3104705726485447e-05
mode_nominal_seed3,nominal,3,3,10216,0.04799725115299225,-0.15466246008872986,0.9212495599600121,0.00871220976114273,-0.004203341901302338,-2.0642165167399273,0.15550324987889358,-2.9854660766999395,0.15612657688985365,0.0991555016954792,0.6807979374213188,0.623726373250536,0.6807979374213188,0.623726373250536,1,1,200,1,1,1,0.002888342598453164,-0.0031134227756410837,0.06000293791294098,3.6492829011985776e-06
mode_nominal_seed3,nominal,3,3,10217,-0.017526376992464066,0.025980688631534576,1.4612848241791847,0.02998686581850052,0.2436852753162384,-1.0074866855660174,0.2228290719497153,-2.468771509745202,0.6728211438445912,0.17255303857788545,0.5980382315299917,0.689485728992503,0.689485728992503,0.5980382315299917,1,1,200,1,1,1,0.025849657133221626,0.25310516357421875,0.05999801680445671,0.0013314670616638635
mode_nominal_seed3,nominal,3,3,10218,0.15908098220825195,-0.1712876260280609,2.2647894107612445,0.05177894979715347,-0.20081226527690887,0.9869589047604137,0.11128984896353775,-1.2778305060008304,0.2929658207940662,0.05659693466865649,0.7928056620930636,0.6963617836859218,0.7928056620930636,0.6963617836859218,0,0,200,1,0,1,0.03323344513773918,-0.24487249553203583,0.05600902438163757,6.461956030099007e-07
mode_nominal_seed3,nominal,3,3,10219,-0.04823901504278183,-0.06851334124803543,-2.0347965224898257,-0.06370356678962708,0.015407197177410126,-1.1339805669350325,0.08533351703959903,0.9008159555547932,-0.6699803712401033,0.03293047834128986,0.5708871096798787,0.551511685275428,0.5708871096798787,0.551511685275428,1,1,200,1,1,1,-0.06577405333518982,0.015793917700648308,0.05999840795993805,1.7495149269230165e-06
mode_nominal_seed3,nominal,3,3,10220,0.13493594527244568,-0.05998361483216286,1.4435317217294548,0.027355827391147614,0.08438506722450256,-1.9846194340869765,0.18004387832451438,2.8550341513631547,-0.28655850222663837,0.12449569825422392,0.7523310149528663,0.6478748710621902,0.7523310149528663,0.6478748710621902,1,1,200,1,1,1,0.04122277721762657,0.09429416805505753,0.059997063130140305,0.0038867694564042043
mode_nominal_seed3,nominal,3,3,10221,-0.009254120290279388,-0.10512842237949371,-3.071698017334409,-0.025213487446308136,0.06458182632923126,-2.4098900000503445,0.1704589977584,0.6618080172840646,0.6618080172840646,0.12201004866107018,0.6148008262659579,0.5933118426951084,0.6148008262659579,0.5933118426951084,1,1,200,1,1,1,-0.026984255760908127,0.061704255640506744,0.06000634655356407,1.3948712666965316e-06
mode_nominal_seed3,nominal,3,3,10222,-0.15992531180381775,-0.14724095165729523,-2.109643132251744,-0.10891981422901154,0.008492037653923035,1.46735610607162,0.16387289203117636,-2.7061860688562227,0.4354065847335704,0.11617805304353225,0.47830206949353504,0.5061514290541062,0.5061514290541062,0.47830206949353504,1,1,200,1,1,1,-0.09952101856470108,0.0189517792314291,0.06000364571809769,1.7421468546066873e-06
mode_nominal_seed3,nominal,3,3,10223,0.11732043325901031,-0.03537549823522568,1.9294015185205413,0.10790465772151947,0.1587601602077484,-1.0941727882711678,0.1943638616308585,-3.0235743067917094,0.11801834679808376,0.14271559537900447,0.733174360465541,0.74013237506858,0.74013237506858,0.733174360465541,0,0,200,1,1,1,0.09659818559885025,0.23724612593650818,0.08252240717411041,3.3666369946784774e-05
mode_nominal_seed3,nominal,3,3,10224,0.16613991558551788,-0.11135637015104294,2.9134922155978824,0.1448996663093567,0.05431995540857315,2.1837351156062637,0.1670323113659431,-0.7297570999916188,-0.7297570999916188,0.1142991305861907,0.7890372671136427,0.7618386708566722,0.7890372671136427,0.7618386708566722,0,0,200,1,0,1,0.14121714234352112,-0.12607651948928833,0.019999895244836807,2.072667962466688e-06
mode_nominal_seed3,nominal,3,3,10225,-0.09665141254663467,-0.18392576277256012,-3.017681203303443,-0.09473852068185806,0.006507560610771179,-1.4229130454352585,0.19044293058579717,1.5947681578681845,0.02397183107328793,0.1450544386662029,0.5500126765142483,0.5203021768236264,0.5500126765142483,0.5203021768236264,1,1,200,1,1,1,-0.08040111511945724,-0.0005641491152346134,0.05998357757925987,0.008351342042369817
mode_nominal_seed3,nominal,3,3,10226,-0.025706365704536438,-0.13390225172042847,0.10106335014935697,-0.005614802241325378,0.11124130338430405,-2.816600827634133,0.2459655128911028,-2.9176641777834895,0.2239284758063036,0.1963815021426119,0.6043151499316863,0.6194553630617929,0.6194553630617929,0.6043151499316863,1,1,200,1,1,1,-0.02122015692293644,0.11625279486179352,0.05999310314655304,1.4256918253414636e-06
mode_nominal_seed3,nominal,3,3,10227,-0.04142696410417557,-0.21439726650714874,2.4165437141124415,0.055681876838207245,-0.05969171226024628,-1.631560125205521,0.18265797410464807,2.235081467861624,0.6642851410667276,0.13251425264956038,0.612333418484154,0.6733329640168972,0.6733329640168972,0.612333418484154,0,0,200,1,0,1,-0.05029147118330002,-0.23148652911186218,0.019999971613287926,2.698985033167255e-06
mode_nominal_seed3,nominal,3,3,10228,0.00371658056974411,0.07224767655134201,-2.4693473997227358,-0.08354347944259644,0.12310826033353806,2.2374077716624052,0.10100057948360028,-1.5764301357944452,-0.005633808999548684,0.04916020423754233,0.622920487573642,0.5455288049272303,0.622920487573642,0.5455288049272303,1,1,200,1,1,1,-0.08518682420253754,0.10385351628065109,0.06000429764389992,1.435562162323758e-05
mode_nominal_seed3,nominal,3,3,10229,0.002521239221096039,-0.022332817316055298,-0.6697376563826896,-0.06059157848358154,0.13739722967147827,1.412488857913045,0.17174666130456087,2.0822265142957344,0.5114301875008378,0.11701823876844678,0.6179249433535035,0.5711800911881678,0.6179249433535035,0.5711800911881678,1,0,200,1,1,1,-0.07029689848423004,0.13378965854644775,0.019999910145998,0.04283776455393747
mode_nominal_seed3,nominal,3,3,10230,-0.14732864499092102,0.03862988203763962,-1.6998403963451114,0.002158805727958679,0.12192640453577042,-1.3751004055608735,0.17112804732921807,0.3247399907842379,0.3247399907842379,0.11797062739058613,0.4692640664724606,0.6290874657872151,0.6290874657872151,0.4692640664724606,1,1,200,1,1,1,0.008750555105507374,0.1103362888097763,0.059994492679834366,0.00018610839748593364
mode_nominal_seed3,nominal,3,3,10231,-0.09606897085905075,-0.11488152295351028,0.7929455638913065,-0.13851484656333923,-0.002644352614879608,0.512176250743305,0.11999514477647295,-0.2807693131480016,-0.2807693131480016,0.07069016824859709,0.5314952279385042,0.47649249107022656,0.5314952279385042,0.47649249107022656,0,0,200,1,1,1,-0.08016322553157806,0.0376717709004879,0.019999990239739418,0.000260536123575513
mode_nominal_seed3,nominal,3,3,10232,-0.0569164901971817,0.09851889312267303,2.361670471808067,-0.07846926152706146,-0.09954974055290222,-1.8559932350000636,0.1992378116676333,2.065521600371456,0.4947252735765595,0.14793071705722924,0.566712604603029,0.5456879915945255,0.566712604603029,0.5456879915945255,1,1,200,1,1,1,-0.07773051410913467,-0.09885721653699875,0.06000138819217682,1.4133782812806527e-05
mode_nominal_seed3,nominal,3,3,10233,0.010961391031742096,0.04854956641793251,-2.93058143401357,-0.12045174837112427,0.012509528547525406,2.870615278740363,0.13626554053544707,-0.481988594425653,-0.481988594425653,0.08773752436815156,0.6278413202886242,0.4947064397131486,0.6278413202886242,0.4947064397131486,1,1,200,1,1,1,-0.12589816749095917,0.005446697119623423,0.05999283865094185,2.428324273179791e-07
mode_nominal_seed3,nominal,3,3,10234,0.052783623337745667,0.08322137594223022,-2.529156387700258,0.04365674406290054,0.15185225009918213,-0.3653572248131902,0.06923508368482677,2.163799162887068,0.5930028360921713,0.015136968660334503,0.6729493034484887,0.6759347693081973,0.6759347693081973,0.6729493034484887,1,1,200,1,1,1,0.044061802327632904,0.13948406279087067,0.05999404564499855,6.768483418626563e-06
mode_nominal_seed3,nominal,3,3,10235,-0.009517453610897064,-0.024172767996788025,-2.375248240053355,0.09062644839286804,0.08275844156742096,-1.8177177708794456,0.14650284873477543,0.5575304691739094,0.5575304691739094,0.09830857766666014,0.605964880743479,0.7104629788540716,0.7104629788540716,0.605964880743479,1,1,200,1,1,1,0.08604243397712708,0.08189956843852997,0.059984028339385986,2.634178031930877e-07
mode_nominal_seed3,nominal,3,3,10236,0.04926661401987076,-0.2389761209487915,1.3681267661919163,0.11000926792621613,-0.0363072007894516,-0.9242098986384946,0.2115758993887039,-2.292336664830411,-0.7215403380355143,0.16192951424353802,0.7059459758969913,0.7259177993465055,0.7259177993465055,0.7059459758969913,1,1,200,1,1,1,0.11710041761398315,-0.04210307449102402,0.0599990114569664,2.7690210840326743e-07
mode_nominal_seed3,nominal,3,3,10237,-0.10686841607093811,-0.09348034113645554,-1.9042432822361137,-0.11211220920085907,0.14864224195480347,2.2815477120416188,0.24217936041118993,-2.0973943129018533,-0.5265979861069567,0.1883202094866018,0.516658766271555,0.5243955055377485,0.5243955055377485,0.516658766271555,1,0,200,1,1,1,-0.0817122682929039,0.07182125002145767,0.0199999138712883,2.7813883562162843e-05
mode_nominal_seed3,nominal,3,3,10238,0.10804568231105804,-0.059383325278759,2.472981160358875,-0.0156140998005867,0.18012478947639465,-1.940979285747905,0.26954754449904994,1.8692248610728068,0.2984285342779103,0.21484362170095136,0.7254801430982287,0.6258661175856834,0.7254801430982287,0.6258661175856834,1,1,200,1,1,1,-0.01492092665284872,0.17968501150608063,0.06000184640288353,2.0229700532188645e-06
mode_nominal_seed3,nominal,3,3,10239,-0.06853587925434113,-0.17257148027420044,-2.8750050591390153,0.05123572796583176,-0.17715966701507568,2.533721483461897,0.11985945667185595,-0.8744587645786739,0.6963375622162227,0.06715013468066894,0.5730653985945712,0.6893878391987012,0.6893878391987012,0.5730653985945712,0,0,200,1,1,1,0.025341477245092392,-0.1327153742313385,0.10313964635133743,0.004104784435378166
mode_nominal_seed3,nominal,3,3,10240,0.05943826586008072,-0.14136198163032532,1.9670968870006114,0.0333867147564888,0.1286860704421997,-0.610398128767601,0.2713017392923758,-2.5774950157682124,0.5640976378215807,0.2180864745144721,0.6890937413057858,0.6610336123061876,0.6890937413057858,0.6610336123061876,1,1,200,1,1,1,0.02816851995885372,0.1291697472333908,0.06000227481126785,4.428553909574026e-07
mode_nominal_seed3,nominal,3,3,10241,-0.01817675679922104,-0.15770472586154938,2.7748778197373007,-0.07345275580883026,0.10576656460762024,2.968255067365595,0.26920727510228964,0.19337724762829422,0.19337724762829422,0.2155623066544037,0.6173076738416287,0.5517789266363371,0.6173076738416287,0.5517789266363371,1,1,200,1,1,1,-0.07720226049423218,0.09738423675298691,0.05998317897319794,1.1161457144709592e-06
mode_nominal_seed3,nominal,3,3,10242,0.025131024420261383,0.16718712449073792,1.4595583656838653,-0.03197716921567917,0.13756096363067627,2.9403671973186882,0.06433548933260964,1.480808831634823,-0.08998749516007365,0.008463952458013305,0.6616035542685776,0.599031418149969,0.6616035542685776,0.599031418149969,0,0,200,1,1,1,-0.04721791669726372,0.0273550134152174,0.031264469027519226,0.0010219819155948234
mode_nominal_seed3,nominal,3,3,10243,0.023879319429397583,0.15345481038093567,-1.2480113455433246,0.011760368943214417,0.03728879243135452,-0.31551963374023906,0.11679645836731938,0.9324917118030855,-0.638304614991811,0.0665580478663462,0.6570503509044182,0.6278686280734393,0.6570503509044182,0.6278686280734393,1,1,200,1,1,1,0.0246975589543581,0.03663145378232002,0.0599978081882,1.0027953232861628e-05
mode_nominal_seed3,nominal,3,3,10244,-0.13127951323986053,0.08567392081022263,1.138686085434116,-0.05511047691106796,0.17262211441993713,-0.9015129269251627,0.11559286512259016,-2.0401990123592793,-0.4694026855643827,0.06745408223788901,0.49124894912708217,0.5858964690553798,0.5858964690553798,0.49124894912708217,1,1,200,1,1,1,-0.054284725338220596,0.16589370369911194,0.05999598652124405,0.00032682200113976054
mode_nominal_seed3,nominal,3,3,10245,-0.15957316756248474,0.11257775872945786,-0.6577818853451038,0.0011896640062332153,-0.13107499480247498,2.095030592471509,0.29190983593857334,2.752812477816613,-0.38878017577318014,0.24536633831835775,0.46913468371525957,0.6299764728071862,0.6299764728071862,0.46913468371525957,0,0,200,1,1,1,-0.012891671620309353,-0.15227176249027252,0.05982852727174759,1.0576242440701739e-05
mode_nominal_seed3,nominal,3,3,10246,-0.06121981143951416,-0.1608099341392517,-0.35102302936698804,0.005343958735466003,-0.15791350603103638,0.19310294756701785,0.06662675735538717,0.5441259769340059,0.5441259769340059,0.017718198675309688,0.5766561645902676,0.6401275673852859,0.6401275673852859,0.5766561645902676,1,1,200,1,1,1,0.015890371054410934,-0.15057414770126343,0.05999789014458656,0.008626643513339883
mode_nominal_seed3,nominal,3,3,10247,-0.08957397937774658,0.1816849410533905,0.8111627583845662,-0.020299281924962997,0.0004252716898918152,-2.9923821174066383,0.1940465187653197,2.4796404313883817,-0.6619522222014114,0.14355533977240603,0.5559513656359796,0.5947008701313417,0.5947008701313417,0.5559513656359796,0,0,200,1,1,1,0.02702564001083374,0.04106220230460167,0.019999949261546135,2.3140488431732653e-06
mode_nominal_seed3,nominal,3,3,10248,0.13759483397006989,-0.15674415230751038,2.2534477258027255,0.05981975421309471,0.1265368014574051,-0.16644795174907978,0.29376361550941604,-2.4198956775518052,0.7216969760379879,0.24084078960208966,0.7687442444669339,0.6865808494265568,0.7687442444669339,0.6865808494265568,1,1,200,1,1,1,0.06510882824659348,0.12075066566467285,0.05999872088432312,0.0008538385949041879
mode_nominal_seed3,nominal,3,3,10249,0.028218373656272888,0.06548256427049637,1.5416789103190096,-0.025540679693222046,0.2231036126613617,0.5598341704423415,0.16653657470018216,-0.9818447398766681,0.5889515869182285,0.11674889126854088,0.6465429934911215,0.630267809965795,0.6465429934911215,0.630267809965795,1,1,200,1,1,1,-0.03516581282019615,0.2214336395263672,0.05999369919300079,8.687597423499717e-07
mode_nominal_seed3,nominal,3,3,10250,-0.028409332036972046,0.05627353489398956,0.866347818797379,0.07979762554168701,0.13344162702560425,-2.257922501892862,0.13290470312093208,-3.1242703206902416,0.01732233289955154,0.0840955949670136,0.5892837368117131,0.7074958715650621,0.7074958715650621,0.5892837368117131,1,1,200,1,1,1,0.07325679808855057,0.13736304640769958,0.059998948127031326,1.173791622716664e-06
mode_nominal_seed3,nominal,3,3,10251,0.026578575372695923,0.19635453820228577,-1.6583678758394989,0.08780869096517563,-0.08473827689886093,2.108196530427847,0.2876843717634934,-2.5166209009122404,0.6249717526775527,0.2373272194411787,0.6709531824575325,0.707898743937275,0.707898743937275,0.6709531824575325,1,1,200,1,1,1,0.10710747539997101,-0.09005343914031982,0.05999623239040375,0.0021296858924437405
mode_nominal_seed3,nominal,3,3,10252,-0.0013431645929813385,0.1151314303278923,-0.12369758819651722,-0.02475379779934883,-0.02257927507162094,2.803615573735961,0.139686420702782,2.9273131619324784,-0.21427949165731475,0.0957242458127376,0.6243636423520376,0.5906779180526829,0.6243636423520376,0.5906779180526829,1,1,200,1,1,1,-0.03132088854908943,-0.011941705830395222,0.05999226123094559,1.4140899706977576e-06
mode_nominal_seed3,nominal,3,3,10253,-0.01593344658613205,0.030334509909152985,0.31878264167733406,0.09716679900884628,-0.03583682328462601,1.4442626852987197,0.13103553293014278,1.1254800436213857,-0.4453162831735109,0.07656731707044842,0.5998340753163321,0.7130678982492761,0.7130678982492761,0.5998340753163321,1,1,200,1,1,1,0.10343325883150101,-0.0271315835416317,0.06000462919473648,6.284978101264406e-05
mode_nominal_seed3,nominal,3,3,10254,0.12274163961410522,-0.10257000476121902,-2.31004610215669,0.12580125033855438,0.1601894199848175,0.2710745819340561,0.26277723742868825,2.581120684090746,-0.560471969499047,0.209754833202874,0.7448377895201241,0.7579229134801492,0.7579229134801492,0.7448377895201241,1,1,200,1,1,1,0.11955291777849197,0.16689088940620422,0.05999456346035004,4.225789614099767e-05
mode_nominal_seed3,nominal,3,3,10255,0.09154783189296722,0.1671895682811737,2.6457031714633805,0.023676514625549316,-0.03432946652173996,2.0304335049736166,0.2126415695378315,-0.6152696664897639,-0.6152696664897639,0.16124526783671278,0.726059357418316,0.6395984698276778,0.726059357418316,0.6395984698276778,1,1,200,1,1,1,0.03230569511651993,-0.02667057514190674,0.06000527739524841,0.0012481878368499732
mode_nominal_seed3,nominal,3,3,10256,0.04962048679590225,0.1073257327079773,-0.14073020973912564,0.12864314019680023,-0.11964330822229385,-0.15407450512231735,0.24033211456508585,-0.013344295383191707,-0.013344295383191707,0.18634098823359835,0.6732304244240053,0.753206240789422,0.753206240789422,0.6732304244240053,1,1,200,1,1,1,0.12723560631275177,-0.11695659905672073,0.059999410063028336,2.0551316117052583e-06
mode_nominal_seed3,nominal,3,3,10257,-0.040979914367198944,-0.09358041733503342,3.0459883160490757,0.00044258683919906616,0.2690938413143158,0.4951582379961019,0.3650321102218942,-2.5508300780529733,0.5907625755368198,0.31682831151006574,0.5815981028326066,0.6717001363172552,0.6717001363172552,0.5815981028326066,1,1,200,1,1,1,-0.011386178433895111,0.26784247159957886,0.060001835227012634,0.001925921723620863
mode_nominal_seed3,nominal,3,3,10258,0.03589673712849617,0.10766954720020294,2.9572925790639077,0.14662356674671173,0.08612428605556488,0.8575817300473112,0.1128034976190543,-2.0997108490165965,-0.5289145222217,0.06534488777419115,0.6597418387512037,0.7664775600580643,0.7664775600580643,0.6597418387512037,1,1,200,1,1,1,0.1422637403011322,0.07399116456508636,0.06000608205795288,0.00012492177236431915
mode_nominal_seed3,nominal,3,3,10259,-0.09886147081851959,-0.02832239866256714,0.5844489567167983,-0.007470335811376572,0.09295479208230972,-0.5990699064104765,0.15185682912817286,-1.1835188631272748,0.3872774636676217,0.10541301271597134,0.5169150216153747,0.6145997772861678,0.6145997772861678,0.5169150216153747,1,1,200,1,1,1,-0.003924401011317968,0.10164504498243332,0.059995509684085846,2.858291612555305e-05
mode_nominal_seed3,nominal,3,3,10260,0.14365153014659882,0.13352447748184204,-1.3647477332442817,0.14523543417453766,-0.04963243007659912,-1.8315776963895205,0.18316375607183066,-0.46682996314523884,-0.46682996314523884,0.13502765254041368,0.7703122290867351,0.7618538531042921,0.7703122290867351,0.7618538531042921,1,1,200,1,1,1,0.13930794596672058,-0.04759128391742706,0.0599987767636776,1.619109050341005e-07
mode_nominal_seed3,nominal,3,3,10261,-0.13739939033985138,-0.27350476384162903,0.7319758803346708,-0.07317306846380234,0.11465661227703094,2.3770458064026956,0.393439035089374,1.6450699260680248,0.07427359927312827,0.33752491168524457,0.5503700556823662,0.5538253898809414,0.5538253898809414,0.5503700556823662,0,0,200,1,0,1,-0.13810013234615326,-0.2944377362728119,0.019999947398900986,0.0034617112817504213
mode_nominal_seed3,nominal,3,3,10262,-0.06012022867798805,0.024789296090602875,0.7247557545390753,-0.015856921672821045,0.2609778344631195,3.05728889905169,0.24030036622023576,2.332533144512615,0.7617368177177184,0.1903216019403319,0.5554332271506952,0.6535150024203175,0.6535150024203175,0.5554332271506952,1,1,200,1,1,1,-0.017458587884902954,0.24473530054092407,0.05998951569199562,0.00021386911784008713
mode_nominal_seed3,nominal,3,3,10263,0.08225070685148239,-0.12448141723871231,-0.21713334939966922,-0.025344163179397583,0.0008448213338851929,-0.8758228593131578,0.16517663918277783,-0.6586895099134886,-0.6586895099134886,0.1168868672048189,0.708275491205682,0.5896564420233964,0.708275491205682,0.5896564420233964,1,0,200,1,1,1,0.00019536251784302294,0.025390926748514175,0.11995959281921387,0.011008175521564653
mode_nominal_seed3,nominal,3,3,10264,-0.19331413507461548,-0.028962768614292145,0.7349266008060757,-0.05111076682806015,-0.11459241807460785,0.3702432856690385,0.16599468306955487,-0.3646833151370372,-0.3646833151370372,0.11300202846765665,0.42267932365290195,0.5754150585163931,0.5754150585163931,0.42267932365290195,1,1,200,1,1,1,-0.04896926507353783,-0.10375568270683289,0.05999715253710747,0.006255699486004723
mode_nominal_seed3,nominal,3,3,10265,-0.02508017048239708,0.005270525813102722,-0.01962644233519395,0.018596000969409943,-0.10948295891284943,-0.9303897985941134,0.12278424251277921,-0.9107633562589195,0.6600329705359771,0.0720525339457038,0.5899433732998653,0.642985544733893,0.642985544733893,0.5899433732998653,1,0,200,1,1,1,0.023162800818681717,-0.12960058450698853,0.05999157577753067,0.0025606020800350822
mode_nominal_seed3,nominal,3,3,10266,-0.0423586443066597,-0.037282794713974,2.5133079649810033,0.03993157297372818,-0.1884639710187912,1.3107083670570365,0.17212619768344872,-1.2025995979239665,0.36819672887093,0.11719978956993647,0.5738537523027892,0.6815086453230169,0.6815086453230169,0.5738537523027892,1,0,200,1,1,1,0.07910165935754776,-0.185680091381073,0.052809979766607285,2.9809988282031388e-05
mode_nominal_seed3,nominal,3,3,10267,-0.03415485844016075,0.000384502112865448,-2.8802999044457884,0.03729918599128723,0.08242673426866531,-2.098559174771294,0.10879617788653011,0.7817407296744943,0.7817407296744943,0.057636278314744875,0.5808452688242751,0.6574864215838173,0.6574864215838173,0.5808452688242751,1,1,200,1,1,1,0.02739068493247032,0.07789786159992218,0.059983156621456146,4.006445368407076e-06
mode_nominal_seed3,nominal,3,3,10268,-0.14244797825813293,-0.016294099390506744,-1.2514011925232564,-0.04033472388982773,-0.0941760465502739,1.968072788984361,0.1284239635390645,-3.063711325671969,0.0778813279178241,0.07331701720756927,0.4728328572839177,0.5823309259438484,0.5823309259438484,0.4728328572839177,1,1,200,1,1,1,-0.04514463618397713,-0.09665647149085999,0.059998057782649994,0.0008111265570626774
mode_nominal_seed3,nominal,3,3,10269,-0.017653051763772964,-0.09200341254472733,-2.764834620569328,-0.04002378508448601,0.024720989167690277,1.8615352205305224,0.11884879328132994,-1.6568154660797356,-0.08601913928483906,0.07355140340299374,0.6043906058891129,0.5755074065761451,0.6043906058891129,0.5755074065761451,1,0,200,1,1,1,-0.053418125957250595,0.022435929626226425,0.05999422073364258,4.7211349269143747e-07
mode_nominal_seed3,nominal,3,3,10270,0.11532622575759888,0.03335720673203468,0.889364353968948,-0.04510939121246338,-0.16050715744495392,1.271104067234516,0.2516405748092159,0.381739713265568,0.381739713265568,0.20532399004372437,0.731087613949452,0.592062373044672,0.731087613949452,0.592062373044672,1,1,200,1,1,1,-0.03764048218727112,-0.17846857011318207,0.06000404804944992,0.0016956502306855656
mode_nominal_seed3,nominal,3,3,10271,-0.1236204206943512,0.017117664217948914,2.881471371590512,-0.0664946511387825,0.10023300349712372,2.4899668617458035,0.10085391995757169,-0.3915045098447085,-0.3915045098447085,0.054339821935421355,0.4916776437737177,0.5575883541820259,0.5575883541820259,0.4916776437737177,1,1,200,1,1,1,-0.06198783218860626,0.0923573449254036,0.05999717861413956,3.5429998095154897e-06
mode_nominal_seed3,nominal,3,3,10272,-0.08195021748542786,0.11798007786273956,0.15424820398919792,-0.016817305237054825,0.07747335731983185,1.8360895338942327,0.07670130811854178,1.6818413299050348,0.11104500311013821,0.020230405733712715,0.5459499696962449,0.6031787938980159,0.6031787938980159,0.5459499696962449,1,1,200,1,1,1,-0.003295542672276497,0.05912261828780174,0.05999809503555298,0.01956353844779462
mode_nominal_seed3,nominal,3,3,10273,-0.1325453221797943,-0.09694453328847885,0.07512348727503415,-0.013787660747766495,-0.2673110365867615,-0.5189154878456339,0.20767312679999764,-0.5940389751206681,-0.5940389751206681,0.15363693107525284,0.49209832217263194,0.6579600802102143,0.6579600802102143,0.49209832217263194,0,0,200,1,0,1,0.04850251227617264,-0.03785249590873718,0.10525745898485184,2.6512449009207017e-07
mode_nominal_seed3,nominal,3,3,10274,0.047537483274936676,0.08273342996835709,-0.3513849488303533,0.1477407068014145,-0.06693638116121292,0.912035942741046,0.1801159025979062,1.2634208915713994,-0.3073754352234972,0.1268724980257462,0.6676831113474535,0.7656721654434622,0.7656721654434622,0.6676831113474535,0,0,200,1,1,1,0.12398143112659454,-0.12749038636684418,0.019999904558062553,0.000535151241561434
mode_nominal_seed3,nominal,3,3,10275,-0.0630103200674057,0.13352644443511963,1.4417729538368687,-0.09573707729578018,-0.13546547293663025,-1.0462721005983457,0.2709754458433739,-2.488045054435214,0.6535475991545789,0.22280869253570407,0.5679101320768745,0.536642224627613,0.5679101320768745,0.536642224627613,1,1,200,1,1,1,-0.08797011524438858,-0.1347322016954422,0.0599975548684597,1.5636992004328853e-06
mode_nominal_seed3,nominal,3,3,10276,-0.11490479111671448,0.11097096651792526,0.11000545356668345,-0.006304621696472168,-0.11495334655046463,-2.5117136217277327,0.25067068443184415,-2.6217190752944166,0.5198735782953765,0.2018829842660369,0.5122594785437742,0.6194548695839157,0.6194548695839157,0.5122594785437742,0,0,200,1,1,1,-0.06613463163375854,-0.1649385243654251,0.019999995827674866,0.014065706684719006
mode_nominal_seed3,nominal,3,3,10277,-0.02121666818857193,0.18623435497283936,2.2991985897121014,-0.08121427148580551,0.007229544222354889,2.51177635523408,0.18879204081006426,0.2125777655219787,0.2125777655219787,0.13640435297229472,0.6223036880087005,0.5338346844062236,0.6223036880087005,0.5338346844062236,0,0,200,1,1,1,-0.09334205836057663,-0.04363833740353584,0.019999893382191658,0.00955901701370151
mode_nominal_seed3,nominal,3,3,10278,-0.04075545072555542,-0.025794848799705505,-2.448586827332136,0.10855531692504883,0.21100980043411255,-2.2187856718986474,0.2799466864157608,0.22980115543348845,0.22980115543348845,0.23309793493088363,0.574823604765853,0.7536958488208303,0.7536958488208303,0.574823604765853,0,0,200,1,1,1,0.10710236430168152,0.19428366422653198,0.060013845562934875,0.00016449525494866853
mode_nominal_seed3,nominal,3,3,10279,0.031941767781972885,-0.0531243160367012,-2.084327985524018,0.004874046891927719,0.04875189810991287,1.4396622728352477,0.10541074197171822,-2.7591950488203203,0.3823976047694728,0.0510176218207745,0.6491192832255344,0.6217882128019918,0.6491192832255344,0.6217882128019918,1,1,200,1,1,1,0.0019163769902661443,0.04391178861260414,0.0599832646548748,7.522770707205054e-07
mode_nominal_seed3,nominal,3,3,10280,-0.055071599781513214,0.10695488005876541,1.6651515118233617,0.11998768150806427,-0.0036520734429359436,2.0211385113548928,0.20707402089241167,0.355986999531531,0.355986999531531,0.15147002607962004,0.5700518921463368,0.7349967548289124,0.7349967548289124,0.5700518921463368,0,0,200,1,1,1,0.13724198937416077,0.10099409520626068,0.019999975338578224,2.0110348266590452e-06
mode_nominal_seed3,nominal,3,3,10281,0.01088673621416092,-0.024202220141887665,0.2169796377967681,-0.0756855458021164,0.013517700135707855,-0.11217814450961505,0.09443279302897915,-0.32915778230638315,-0.32915778230638315,0.04149840570951226,0.626354495496449,0.5394838354610081,0.626354495496449,0.5394838354610081,1,1,200,1,1,1,-0.07336579263210297,0.003934160806238651,0.06000259518623352,1.647135536233569e-06
mode_nominal_seed3,nominal,3,3,10282,-0.03901481628417969,0.0827423706650734,-0.4430807404047288,-0.1380821317434311,-0.052028290927410126,2.4840467956761274,0.16726465322469822,2.927127536080856,-0.21446511750893693,0.12336706244602041,0.5818979564867226,0.47974742950767046,0.5818979564867226,0.47974742950767046,1,1,200,1,1,1,-0.12535670399665833,-0.04229777678847313,0.059988200664520264,8.387916389839746e-05
mode_nominal_seed3,nominal,3,3,10283,-0.007743556052446365,-0.09083874523639679,-0.6792714664601358,-0.005482714623212814,-0.002970390021800995,-1.4487444576425004,0.08789743598129882,-0.7694729911823646,-0.7694729911823646,0.03713186945647992,0.6140130832091051,0.6095245232063837,0.6140130832091051,0.6095245232063837,1,1,200,1,1,1,-0.001216318691149354,0.006300658453255892,0.05999775975942612,1.5103004383899942e-06
mode_nominal_seed3,nominal,3,3,10284,0.07122816890478134,0.04024604707956314,-1.846106873782646,-0.0762706771492958,0.2775247395038605,2.2928453825655275,0.2793869851404475,-2.1442330508314127,-0.5734367240365161,0.2281048833650305,0.6874073349215438,0.6060109440726824,0.6874073349215438,0.6060109440726824,1,1,200,1,1,1,-0.08390592783689499,0.2625683546066284,0.059996347874403,1.2529112191182759e-05
mode_nominal_seed3,nominal,3,3,10285,0.1645480990409851,0.10110092163085938,-2.3114326775641576,0.17410749197006226,-0.24154867231845856,-2.0340244701988537,0.34278291414072104,0.2774082073653039,0.2774082073653039,0.28743429294368295,0.7860767361225128,0.8252492926274411,0.8252492926274411,0.7860767361225128,0,0,200,1,0,1,0.1075715571641922,-0.2260783314704895,0.02000005915760994,0.011928832174746311
mode_nominal_seed3,nominal,3,3,10286,0.060101218521595,-0.06809663772583008,1.366359276191803,-0.021078981459140778,-0.04995989799499512,-1.9060829119710343,0.08318152557495144,3.010743119016749,-0.13084953457304405,0.040705253327581244,0.6785269392727936,0.5960185967503715,0.6785269392727936,0.5960185967503715,0,0,200,1,1,1,0.043678704649209976,0.0029728321824222803,0.020000120624899864,0.034658909362209604
mode_nominal_seed3,nominal,3,3,10287,0.08125632256269455,0.1709710657596588,-1.5892504699666787,-0.010163083672523499,0.23016265034675598,-0.20205146523545636,0.10890891387912793,1.3871990047312224,-0.18359732206367418,0.0554568548890734,0.7169407032910885,0.6471495506968802,0.7169407032910885,0.6471495506968802,0,0,200,1,0,1,-0.01889835298061371,0.16801010072231293,0.019999919459223747,0.008391533810401511
mode_nominal_seed3,nominal,3,3,10288,-0.11366619169712067,-0.009648390114307404,0.8792705400834286,-0.05563630163669586,-0.1411932110786438,-2.4303508719924434,0.14377589527790918,2.973563895103714,-0.1680287584860789,0.09198044033031463,0.5014266434676822,0.5769083721886622,0.5769083721886622,0.5014266434676822,1,1,200,1,1,1,-0.04551130160689354,-0.12407069653272629,0.059989526867866516,1.2088564148485228e-05
mode_nominal_seed3,nominal,3,3,10289,-0.1412489414215088,0.026386305689811707,-2.7618441689785946,0.007983379065990448,0.1891142725944519,-2.9381719377286863,0.22079555405623855,-0.1763277687500917,-0.1763277687500917,0.16617555051242042,0.47448530286216156,0.6510549121935939,0.6510549121935939,0.47448530286216156,1,1,200,1,1,1,0.007914337329566479,0.18846796452999115,0.060001302510499954,0.0003749386987340403
mode_nominal_seed3,nominal,3,3,10290,-0.08354391157627106,0.10593489557504654,1.60471466526151,0.012531168758869171,-0.27287718653678894,2.477412120866355,0.39080559696005845,0.872697455604845,-0.6980988711900515,0.3389513937490482,0.5419112252234183,0.6842933045822572,0.6842933045822572,0.5419112252234183,0,0,200,1,0,1,0.10238722711801529,-0.04500527307391167,0.10339346528053284,0.04004643279811096
mode_nominal_seed3,nominal,3,3,10291,-0.13017773628234863,-0.017819873988628387,2.3623357399744056,-0.0720631405711174,0.06747933477163315,-2.2470657877497873,0.10321463680024522,1.673783779455393,0.10298745266049636,0.0584367053797811,0.4851496421778321,0.5471141507470999,0.5471141507470999,0.4851496421778321,1,1,200,1,1,1,-0.07198232412338257,0.06965985894203186,0.059998027980327606,0.00017569208149816756
mode_nominal_seed3,nominal,3,3,10292,0.027613207697868347,0.19532674551010132,-2.283708697345925,-0.14987921714782715,-0.0344635471701622,-1.8050956256228803,0.29035691740973907,0.47861307172304457,0.47861307172304457,0.24283241612239972,0.6716429648401832,0.4663958390943986,0.6716429648401832,0.4663958390943986,1,0,200,1,1,1,-0.12971706688404083,-0.028299927711486816,0.06000082567334175,1.2182856681214167e-05
mode_nominal_seed3,nominal,3,3,10293,-0.10581499338150024,-0.232831209897995,3.1116659660826262,-0.01572590321302414,-0.04818658530712128,2.5208032463486503,0.2054499490330638,-0.590862719733976,-0.590862719733976,0.15594873318004096,0.5598926176220275,0.6012082751288493,0.6012082751288493,0.5598926176220275,0,0,200,1,0,1,0.04491095617413521,-0.08049720525741577,0.020000020042061806,0.003014142930187994
mode_nominal_seed3,nominal,3,3,10294,-0.15009495615959167,0.032258957624435425,2.4466581518137573,-0.07482415437698364,-0.09414108097553253,-2.4452720415324247,0.14711445666238943,1.3912551138334042,-0.1795412129614924,0.09868677849730977,0.466022896578341,0.5483178706934351,0.5483178706934351,0.466022896578341,1,1,200,1,1,1,-0.06663448363542557,-0.07824790477752686,0.06000034511089325,0.001496013847563708
mode_nominal_seed3,nominal,3,3,10295,0.034010253846645355,0.23624953627586365,2.6064805537113522,0.03332974761724472,0.027976669371128082,-0.2132480830539425,0.20827397863738512,-2.8197286367652943,0.32186401682449883,0.15716451599491585,0.6906722471539215,0.6489330902909342,0.6906722471539215,0.6489330902909342,1,1,200,1,1,1,0.031139247119426727,0.0245820265263319,0.060001201927661896,4.771426505639547e-07
mode_nominal_seed3,nominal,3,3,10296,-0.06150265038013458,-0.1678639054298401,-1.0230963587904647,0.0772288516163826,0.09056433290243149,3.1309952753976016,0.2933114113254563,-2.1290936729915195,-0.558297346196623,0.23894850340907056,0.5783922603064238,0.6981279835418419,0.6981279835418419,0.5783922603064238,1,1,200,1,1,1,0.07721225917339325,0.08827769011259079,0.059997837990522385,0.0005810788102062309
mode_nominal_seed3,nominal,3,3,10297,0.1496373414993286,0.15234407782554626,-2.012175368181355,0.18754927814006805,-0.027710266411304474,2.5783629050697736,0.1840023962300866,-1.6926470339284574,-0.12185070713356083,0.12769994657894387,0.7796659426085488,0.8030275230076052,0.8030275230076052,0.7796659426085488,0,0,200,1,1,1,0.15889790654182434,-0.06737207621335983,0.01999993436038494,0.012785502631455298
mode_nominal_seed3,nominal,3,3,10298,-0.026045061647892,0.18445925414562225,-0.37319404057562,0.054234035313129425,0.16832242906093597,-0.8724678037076856,0.08188486143781913,-0.4992737631320656,-0.4992737631320656,0.030601673554318125,0.6171654039633901,0.6900772667944285,0.6900772667944285,0.6171654039633901,0,0,200,1,0,1,0.04647074267268181,0.1246240958571434,0.019999919459223747,0.01136439469974673
mode_nominal_seed3,nominal,3,3,10299,0.07683206349611282,-0.2410901039838791,0.9921874652459461,0.09924619644880295,-0.02192562445998192,-0.15436679458791236,0.22030765406812722,-1.1465542598338585,0.42424206696103806,0.17233942754304646,0.7326363643174199,0.7145826489284093,0.7326363643174199,0.7145826489284093,0,0,200,1,1,1,0.08577056974172592,-0.06044379249215126,0.07014914602041245,3.924159690168541e-06
