run_id,ckpt_tag,obs_mode,policy_seed,repeat_idx,seed,env_idx,cubeA_x,cubeA_y,cubeA_z,cubeA_theta,cubeB_x,cubeB_y,cubeB_z,cubeB_theta,separation,relative_yaw,relative_yaw_mod90,success_once,success_at_end,ep_len,return,success,ever_success,first_success_step,is_cubeA_grasped,ever_is_cubeA_grasped,first_is_cubeA_grasped_step,is_cubeA_on_cubeB,ever_is_cubeA_on_cubeB,first_is_cubeA_on_cubeB_step,is_cubeA_static,ever_is_cubeA_static,first_is_cubeA_static_step,final_cubeA_x,final_cubeA_y,final_cubeA_z,cubeB_displacement
/workspace/ripl/t2/t1_seed3,best_eval_success_once.pt,rgb,3,0,200,0,0.11799976229667664,-0.1873994767665863,0.019999999552965164,-2.3875118975012857,-0.04691691696643829,0.17939405143260956,0.019999999552965164,-1.6658336223116308,0.40216290657889797,0.7216782751896549,0.7216782751896549,1,1,200,71.0,1,1,130,0,1,60,1,1,127,1,1,1,-0.056722916662693024,0.17286869883537292,0.05999292805790901,4.628653332578419e-06
/workspace/ripl/t2/t1_seed3,best_eval_success_once.pt,rgb,3,0,201,1,-0.07658691704273224,-0.1572725921869278,0.019999999552965164,3.0882902133769385,-0.08184389770030975,0.0006166845560073853,0.019999999552965164,0.862430496056132,0.15797676903912586,-2.225859717320807,-0.6550633905259104,1,1,200,111.0,1,1,90,0,1,39,1,1,86,1,1,1,-0.08535411208868027,-0.003015104215592146,0.05999892204999924,1.044852749923218e-06
/workspace/ripl/t2/t1_seed3,best_eval_success_once.pt,rgb,3,0,202,2,-0.0010625943541526794,0.18402767181396484,0.019999999552965164,-1.7719971262519731,-0.07975241541862488,0.16545993089675903,0.019999999552965164,2.4719885939891895,0.08085078195000424,-2.039199586938423,-0.4684032601435266,1,1,200,104.0,1,1,97,0,1,49,1,1,96,1,1,1,-0.07999036461114883,0.16472551226615906,0.060002174228429794,0.0037600309022543417
/workspace/ripl/t2/t1_seed3,best_eval_success_once.pt,rgb,3,0,203,3,-0.11386938393115997,-0.03060711920261383,0.019999999552965164,1.247273930693879,-0.16973885893821716,0.23266053199768066,0.019999999552965164,-1.1053713658579234,0.269130552717606,-2.3526452965518025,-0.781848969756906,1,1,200,95.0,1,1,106,0,1,46,1,1,96,1,1,1,-0.1692381054162979,0.240726500749588,0.05999704822897911,0.0027134035007593113
/workspace/ripl/t2/t1_seed3,best_eval_success_once.pt,rgb,3,0,204,4,-0.037923552095890045,0.2144564390182495,0.019999999552965164,-2.103661924148266,-0.08973343670368195,0.1297704577445984,0.019999999552965164,-1.0872400503176678,0.099277286261027,1.0164218738305983,-0.5543744529642982,0,0,200,0.0,0,0,-1,1,1,51,0,1,101,0,1,1,-0.08074797689914703,0.1554661989212036,0.07180534303188324,0.0067068804777389
/workspace/ripl/t2/t1_seed3,best_eval_success_once.pt,rgb,3,0,205,5,0.08558407425880432,-0.16637396812438965,0.019999999552965164,-1.1661489403876741,0.07103613764047623,0.16970917582511902,0.019999999552965164,-1.844101295819275,0.33639786281550166,-0.6779523554316009,-0.6779523554316009,1,1,200,74.0,1,1,113,0,1,51,1,1,105,1,1,1,0.06079056113958359,0.17170673608779907,0.059999238699674606,0.009064757437605575
/workspace/ripl/t2/t1_seed3,best_eval_success_once.pt,rgb,3,0,206,6,-0.09457133710384369,-0.0673733502626419,0.019999999552965164,-2.9174433166870912,0.02018836885690689,-0.12617981433868408,0.019999999552965164,-0.8277619739856545,0.1289495650606266,2.0896813427014367,0.5188850159065401,1,1,200,97.0,1,1,104,0,1,43,1,1,94,1,1,1,0.015824871137738228,-0.13489355146884918,0.05999758839607239,0.0008725787192055759
/workspace/ripl/t2/t1_seed3,best_eval_success_once.pt,rgb,3,0,207,7,0.09215617179870605,-0.24645555019378662,0.019999999552965164,1.545038104043756,0.09673304855823517,-0.02554071694612503,0.019999999552965164,-2.3591353640389148,0.22096223964676417,2.3790118390969157,-0.7625808144928774,1,1,200,102.0,1,1,99,0,1,49,1,1,96,1,1,1,0.0897340327501297,-0.024191640317440033,0.059996359050273895,2.595514978765163e-06
/workspace/ripl/t2/t1_seed3,best_eval_success_once.pt,rgb,3,0,208,8,0.046577125787734985,0.17227818071842194,0.019999999552965164,-0.9340646923631963,-0.015057727694511414,0.03370390832424164,0.019999999552965164,1.184779567147828,0.15166306120263584,2.1188442595110244,0.5480479327161278,1,1,200,106.0,1,1,95,0,1,46,1,1,94,1,1,1,-0.026776224374771118,0.03214855492115021,0.05999251455068588,1.4572890929506785e-05
/workspace/ripl/t2/t1_seed3,best_eval_success_once.pt,rgb,3,0,209,9,0.08770997822284698,-0.02615433931350708,0.019999999552965164,2.4569797239913065,0.09622541815042496,0.15137425065040588,0.019999999552965164,-0.7276409184890458,0.1777327009071075,3.098564664699234,-0.04302798889055914,1,1,200,84.0,1,1,91,0,1,46,1,1,86,1,1,1,0.083896704018116,0.13737182319164276,0.05998652055859566,1.1348161253287023e-05
/workspace/ripl/t2/t1_seed3,best_eval_success_once.pt,rgb,3,0,210,0,0.02194201946258545,0.2491743266582489,0.019999999552965164,-0.950084957499965,0.008781619369983673,-0.1273462474346161,0.019999999552965164,-1.1529157658130327,0.37675049946326283,-0.20283080831306766,-0.20283080831306766,1,0,200,1.0,0,1,103,1,1,42,0,1,100,0,1,1,0.027687333524227142,-0.06586401164531708,0.09313943237066269,2.9247658699989577e-06
/workspace/ripl/t2/t1_seed3,best_eval_success_once.pt,rgb,3,0,211,1,-0.12111687660217285,-0.18164974451065063,0.019999999552965164,-1.2089632970706337,-0.014770247042179108,-0.011987708508968353,0.019999999552965164,-2.352661605261532,0.2002368899054484,-1.1436983081908982,0.4270980186039983,1,1,200,81.0,1,1,120,0,1,64,1,1,115,1,1,1,-0.006456021219491959,-0.017460407689213753,0.059996627271175385,0.000491692327257736
/workspace/ripl/t2/t1_seed3,best_eval_success_once.pt,rgb,3,0,212,2,0.0030699968338012695,0.0941712036728859,0.019999999552965164,1.2134391400121094,-0.06268665939569473,0.12105248123407364,0.019999999552965164,-0.37268621222862697,0.07103900985941268,-1.5861253522407361,-0.015329025445839584,0,0,200,0.0,0,0,-1,1,1,38,0,0,-1,0,1,1,0.03048967383801937,0.10034698247909546,0.11765263974666595,0.006960961374038723
/workspace/ripl/t2/t1_seed3,best_eval_success_once.pt,rgb,3,0,213,3,0.038612499833106995,-0.0810641497373581,0.019999999552965164,1.1738679568329744,0.13786724209785461,-0.19584134221076965,0.019999999552965164,0.7805288352686963,0.15174092320175214,-0.39333912156427786,-0.39333912156427786,1,1,200,98.0,1,1,98,0,1,37,1,1,87,1,1,1,0.14334891736507416,-0.21496085822582245,0.05999908968806267,0.0016823780370254302
/workspace/ripl/t2/t1_seed3,best_eval_success_once.pt,rgb,3,0,214,4,-0.11680042743682861,-0.01755470782518387,0.019999999552965164,-1.5309641642743461,0.04882331192493439,-0.04720575362443924,0.019999999552965164,1.917823108989958,0.16825696882198593,-2.8343980339152823,0.3071946196745108,1,1,200,92.0,1,1,109,0,1,48,1,1,101,1,1,1,0.05000394582748413,-0.03746549412608147,0.059998370707035065,0.0006545843668535976
/workspace/ripl/t2/t1_seed3,best_eval_success_once.pt,rgb,3,0,215,5,-0.05348040908575058,-0.05154506862163544,0.019999999552965164,-2.7514460548025683,-0.013837762176990509,0.18285474181175232,0.019999999552965164,2.5542305338807845,0.2377284387387019,-0.9775087184962334,0.5932876082986631,1,1,200,78.0,1,1,104,0,1,48,1,1,99,1,1,1,-0.013178237713873386,0.19387894868850708,0.05999404191970825,0.004013741853707138
/workspace/ripl/t2/t1_seed3,best_eval_success_once.pt,rgb,3,0,216,6,-0.060034096240997314,0.12581287324428558,0.019999999552965164,-0.8454473609818938,-0.07302023470401764,-0.059958651661872864,0.019999999552965164,1.3365823097667922,0.18622486208382646,2.182029670748686,0.6112333439537894,1,1,200,101.0,1,1,100,0,1,43,1,1,95,1,1,1,-0.0861210972070694,-0.053320471197366714,0.0599931962788105,5.080117338645774e-06
/workspace/ripl/t2/t1_seed3,best_eval_success_once.pt,rgb,3,0,217,7,-0.06949430704116821,0.04444856941699982,0.019999999552965164,-1.8642007821632767,0.016573041677474976,-0.25104013085365295,0.019999999552965164,0.05078727429623342,0.3077680303460647,1.91498805645951,0.34419172966461353,1,1,200,84.0,1,1,117,0,1,42,1,1,103,1,1,1,0.0058158873580396175,-0.2672841548919678,0.05999741703271866,0.002613375799438612
/workspace/ripl/t2/t1_seed3,best_eval_success_once.pt,rgb,3,0,218,8,-0.0633915513753891,0.07280344516038895,0.019999999552965164,2.1426250185808438,0.03669439256191254,0.14892327785491943,0.019999999552965164,0.5990445591934073,0.1257434893076536,-1.543580459387437,0.027215867407459626,1,1,200,97.0,1,1,104,0,1,42,1,1,98,1,1,1,0.03101183846592903,0.1463635116815567,0.05999992787837982,3.107597154011259e-05
/workspace/ripl/t2/t1_seed3,best_eval_success_once.pt,rgb,3,0,219,9,0.030629470944404602,0.1996111124753952,0.019999999552965164,2.5308549371432285,-0.06979407370090485,-0.1650674194097519,0.019999999552965164,-0.9902718951053799,0.37825298404247215,2.762058474930978,-0.37953417865881534,1,1,200,86.0,1,1,115,0,1,53,1,1,113,1,1,1,-0.07575464248657227,-0.17221112549304962,0.05999673902988434,3.591979304957869e-05
/workspace/ripl/t2/t1_seed3,best_eval_success_once.pt,rgb,3,0,220,0,-0.029151897877454758,0.14410480856895447,0.019999999552965164,0.7466752489965964,-0.14047876000404358,0.0029018372297286987,0.019999999552965164,-1.52490973265183,0.1798108710450476,-2.2715849816484264,-0.7007886548535298,1,1,200,90.0,1,1,111,0,1,53,1,1,110,1,1,1,-0.14463765919208527,0.0011178611312061548,0.06000217795372009,4.024865427323231e-07
/workspace/ripl/t2/t1_seed3,best_eval_success_once.pt,rgb,3,0,221,1,0.15695801377296448,0.06664364784955978,0.019999999552965164,-1.1664579730815108,0.05575815588235855,0.2073175311088562,0.019999999552965164,-1.8701189207564521,0.17329325626904526,-0.7036609476749414,-0.7036609476749414,1,1,200,93.0,1,1,108,0,1,52,1,1,106,1,1,1,0.05491449683904648,0.21404880285263062,0.059999044984579086,1.339618742326305e-06
/workspace/ripl/t2/t1_seed3,best_eval_success_once.pt,rgb,3,0,222,2,0.02089530974626541,0.004151269793510437,0.019999999552965164,3.0009779852033645,0.11917352676391602,-0.025942504405975342,0.019999999552965164,0.22731566582166796,0.10278250427839392,-2.773662319381696,0.36793033420809707,1,1,200,107.0,1,1,94,0,1,40,1,1,93,1,1,1,0.11014144867658615,-0.028041861951351166,0.059998635202646255,2.597134063216731e-05
/workspace/ripl/t2/t1_seed3,best_eval_success_once.pt,rgb,3,0,223,3,0.11212344467639923,-0.0489717572927475,0.019999999552965164,2.4074076149957473,0.07948756217956543,0.03900869935750961,0.019999999552965164,2.4990063569567242,0.09383848666051106,0.09159874196097695,0.09159874196097695,1,1,200,112.0,1,1,89,0,1,47,1,1,86,1,1,1,0.07559002935886383,0.029443318024277687,0.05999496951699257,1.4409700246032875e-06
/workspace/ripl/t2/t1_seed3,best_eval_success_once.pt,rgb,3,0,224,4,0.026347007602453232,-0.1916428655385971,0.019999999552965164,-2.926950336838713,-0.11763446033000946,-0.008028596639633179,0.019999999552965164,1.071403603183846,0.2333342299177037,-2.284831367157027,-0.7140350403621305,1,1,200,94.0,1,1,107,0,1,48,1,1,105,1,1,1,-0.12122508883476257,-0.011946032755076885,0.06000028923153877,2.182829590725195e-06
/workspace/ripl/t2/t1_seed3,best_eval_success_once.pt,rgb,3,0,225,5,0.15883967280387878,-0.18724828958511353,0.019999999552965164,-1.7907803606578634,0.12814828753471375,0.1065230518579483,0.019999999552965164,1.9181025622694956,0.29537021207798925,-2.5743023842522277,0.5672902693375654,1,1,200,36.0,1,1,130,0,1,65,1,1,124,1,1,1,0.11276556551456451,0.10534786432981491,0.059995681047439575,3.0447798311696034e-05
/workspace/ripl/t2/t1_seed3,best_eval_success_once.pt,rgb,3,0,226,6,-0.12305574119091034,-0.028636738657951355,0.019999999552965164,0.4861595724133747,-0.10321629792451859,0.1766371726989746,0.019999999552965164,2.4453537861004397,0.20623041044640208,1.959194213687065,0.3883978868921685,1,1,200,92.0,1,1,109,0,1,51,1,1,105,1,1,1,-0.11146169900894165,0.18218742311000824,0.05999758839607239,2.009447969110346e-06
/workspace/ripl/t2/t1_seed3,best_eval_success_once.pt,rgb,3,0,227,7,0.05162210762500763,0.13255277276039124,0.019999999552965164,-0.018078627847345707,0.010668553411960602,-0.11938021332025528,0.019999999552965164,1.592628594177719,0.25523993237382003,1.6107072220250647,0.03991089523016811,1,1,200,106.0,1,1,95,0,1,42,1,1,88,1,1,1,0.007241230458021164,-0.11110270768404007,0.0600024089217186,6.137578286713056e-07
/workspace/ripl/t2/t1_seed3,best_eval_success_once.pt,rgb,3,0,228,8,0.0363432914018631,0.030354328453540802,0.019999999552965164,2.4593998003050017,-0.04687594249844551,0.05912704020738602,0.019999999552965164,2.253239113967686,0.0880528808877037,-0.20616068633731555,-0.20616068633731555,1,1,200,98.0,1,1,103,0,1,53,1,1,99,1,1,1,-0.04716011509299278,0.06016729772090912,0.05999872833490372,6.906672138722138e-07
/workspace/ripl/t2/t1_seed3,best_eval_success_once.pt,rgb,3,0,229,9,-0.018190905451774597,0.04871200770139694,0.019999999552965164,-2.8764098199343433,0.12141114473342896,0.18219009041786194,0.019999999552965164,-0.6227153369066238,0.19314536230926063,2.2536944830277195,0.6828981562328229,1,1,200,99.0,1,1,102,0,1,35,1,1,90,1,1,1,0.11562612652778625,0.19220811128616333,0.059999678283929825,0.0001999356743830854
/workspace/ripl/t2/t1_seed3,best_eval_success_once.pt,rgb,3,0,230,0,0.0811803862452507,0.1313740611076355,0.019999999552965164,-2.5988735330024095,-0.05495588108897209,-0.1075221598148346,0.019999999552965164,-2.044293691997056,0.27496270229748,0.5545798410053537,0.5545798410053537,1,1,200,96.0,1,1,105,0,1,44,1,1,104,1,1,1,-0.055103860795497894,-0.10984422266483307,0.0600009523332119,6.80005801266708e-07
/workspace/ripl/t2/t1_seed3,best_eval_success_once.pt,rgb,3,0,231,1,-0.07599817216396332,0.06579668074846268,0.019999999552965164,-1.9892410470416317,-0.13994939625263214,-0.01842578500509262,0.019999999552965164,0.3130223445089215,0.10575056879302319,2.3022633915505533,0.7314670647556567,1,1,200,107.0,1,1,94,0,1,45,1,1,93,1,1,1,-0.13478215038776398,-0.01430546585470438,0.060002539306879044,3.6225934212611475e-07
/workspace/ripl/t2/t1_seed3,best_eval_success_once.pt,rgb,3,0,232,2,0.06963449716567993,0.005808241665363312,0.019999999552965164,-3.075367289652756,-0.03861375153064728,-0.06611602753400803,0.019999999552965164,-0.9277571154903432,0.12996454841873434,2.1476101741624127,0.5768138473675162,1,1,200,105.0,1,1,96,0,1,43,1,1,95,1,1,1,-0.04319456219673157,-0.07297181338071823,0.060002636164426804,1.431548795582887e-05
/workspace/ripl/t2/t1_seed3,best_eval_success_once.pt,rgb,3,0,233,3,-0.06574177742004395,0.027642935514450073,0.019999999552965164,-0.022082631184852097,-0.08048329502344131,-0.24527429044246674,0.019999999552965164,-1.9904416003237966,0.2733150646511642,-1.9683589691389445,-0.3975626423440479,1,1,200,100.0,1,1,101,0,1,39,1,1,93,1,1,1,-0.09254809468984604,-0.24727851152420044,0.059994328767061234,4.737403498684046e-06
/workspace/ripl/t2/t1_seed3,best_eval_success_once.pt,rgb,3,0,234,4,0.004770047962665558,-0.1831144243478775,0.019999999552965164,0.8461064811055055,0.10043077170848846,0.10141868889331818,0.019999999552965164,1.1945154022748181,0.3001833882784018,0.34840892116931244,0.34840892116931244,1,1,200,103.0,1,1,98,0,1,39,1,1,89,1,1,1,0.10648815333843231,0.09499791264533997,0.059998128563165665,1.7658033199254531e-06
/workspace/ripl/t2/t1_seed3,best_eval_success_once.pt,rgb,3,0,235,5,0.008711736649274826,-0.20097799599170685,0.019999999552965164,0.6102715841208797,-0.05527165159583092,-0.20889179408550262,0.019999999552965164,0.42637288542893037,0.06447094052046473,-0.1838986986919493,-0.1838986986919493,0,0,200,0.0,0,0,-1,0,1,69,0,0,-1,1,1,1,0.040102362632751465,-0.20736351609230042,0.01999993622303009,0.009306403427319133
/workspace/ripl/t2/t1_seed3,best_eval_success_once.pt,rgb,3,0,236,6,0.09556034952402115,-0.10785079747438431,0.019999999552965164,-0.6992357306814903,0.09380662441253662,0.08548019081354141,0.019999999552965164,-0.45179779693750444,0.19333894223397605,0.24743793374398582,0.24743793374398582,1,1,200,105.0,1,1,96,0,1,45,1,1,95,1,1,1,0.08918803185224533,0.08682098239660263,0.059994690120220184,3.1016257847098484e-07
/workspace/ripl/t2/t1_seed3,best_eval_success_once.pt,rgb,3,0,237,7,-0.0017745867371559143,-0.011059742420911789,0.019999999552965164,0.7462015011834588,0.09043940156698227,0.10918956995010376,0.019999999552965164,-2.559640587835652,0.15153651957418648,2.9773432181604758,-0.16424943542931736,1,1,200,91.0,1,1,110,0,1,50,1,1,105,1,1,1,0.08907660096883774,0.09920740872621536,0.05999629572033882,3.130130698919297e-07
/workspace/ripl/t2/t1_seed3,best_eval_success_once.pt,rgb,3,0,238,8,0.12710243463516235,-0.14783355593681335,0.019999999552965164,0.6959101544182027,-0.035655491054058075,-0.009012885391712189,0.019999999552965164,2.574312047984307,0.21391895882611556,1.8784018935661044,0.3076055667712079,1,1,200,82.0,1,1,119,0,1,54,1,1,111,1,1,1,-0.032193657010793686,0.0026660729199647903,0.05999275669455528,1.2660286174626132e-05
/workspace/ripl/t2/t1_seed3,best_eval_success_once.pt,rgb,3,0,239,9,-0.09067626297473907,0.11978242546319962,0.019999999552965164,-2.4912651945501407,0.0260537788271904,0.05737151950597763,0.019999999552965164,-0.8990943453250111,0.13236700435335616,1.5921708492251296,0.02137452243023308,1,1,200,108.0,1,1,93,0,1,38,1,1,88,1,1,1,0.020914876833558083,0.06094865873456001,0.06000274792313576,0.0005336586709934209
/workspace/ripl/t2/t1_seed3,best_eval_success_once.pt,rgb,3,0,240,0,-0.13716977834701538,0.16117525100708008,0.019999999552965164,-0.07446033181216727,-0.04534384608268738,-0.1585838496685028,0.019999999552965164,3.041881064877172,0.3326828584418958,3.1163413966893394,-0.02525125690045371,1,0,200,3.0,0,1,114,0,1,48,1,1,105,0,1,1,-0.0528244785964489,-0.1775650680065155,0.05999012663960457,0.0034196111001158153
/workspace/ripl/t2/t1_seed3,best_eval_success_once.pt,rgb,3,0,241,1,-0.10539543628692627,0.04030470550060272,0.019999999552965164,-2.5793331081610837,-0.05440494045615196,0.14215771853923798,0.019999999552965164,-2.1155256813221506,0.11390376170310011,0.46380742683893317,0.46380742683893317,1,1,200,106.0,1,1,95,0,1,47,1,1,92,1,1,1,-0.052362628281116486,0.13981735706329346,0.0599997341632843,9.44932202623438e-07
/workspace/ripl/t2/t1_seed3,best_eval_success_once.pt,rgb,3,0,242,2,-0.1176031082868576,0.1402696967124939,0.019999999552965164,1.3995163690414911,0.01173626258969307,0.12593355774879456,0.019999999552965164,-2.3520123674431606,0.1301314632943487,2.5316565706949348,-0.6099360828948583,1,1,200,96.0,1,1,105,0,1,47,1,1,97,1,1,1,0.014756246469914913,0.12425874173641205,0.05999921262264252,0.0013599797044599217
/workspace/ripl/t2/t1_seed3,best_eval_success_once.pt,rgb,3,0,243,3,-0.13107937574386597,0.1719113290309906,0.019999999552965164,3.11443209641038,-0.09584558755159378,-0.08039423078298569,0.019999999552965164,2.73514507132283,0.25475383283362363,-0.37928702508754997,-0.37928702508754997,1,1,200,89.0,1,1,112,0,1,50,1,1,105,1,1,1,-0.10813236981630325,-0.07305895537137985,0.059992652386426926,4.212768050699469e-06
/workspace/ripl/t2/t1_seed3,best_eval_success_once.pt,rgb,3,0,244,4,-0.034318707883358,-0.17532451450824738,0.019999999552965164,-2.9355021190986896,0.031875431537628174,-0.068160779774189,0.019999999552965164,0.33399023801761274,0.12595923997800473,-3.013692950063284,0.12789970352650926,1,1,200,110.0,1,1,91,0,1,45,1,1,87,1,1,1,0.023537153378129005,-0.06498996168375015,0.05999837443232536,1.5394421289430983e-06
/workspace/ripl/t2/t1_seed3,best_eval_success_once.pt,rgb,3,0,245,5,-0.007545836269855499,-0.07012147456407547,0.019999999552965164,1.7945833920666832,-0.03371544927358627,0.1116865798830986,0.019999999552965164,0.12727509328461917,0.18368183717132092,-1.6673082987820642,-0.09651197198716766,1,1,200,114.0,1,1,87,0,1,36,1,1,85,1,1,1,-0.0404558889567852,0.11536245793104172,0.059999026358127594,1.946787666118394e-06
/workspace/ripl/t2/t1_seed3,best_eval_success_once.pt,rgb,3,0,246,6,0.0763249397277832,0.0422835573554039,0.019999999552965164,-1.376255305350992,0.10743576288223267,0.17209812998771667,0.019999999552965164,-2.997168144543611,0.133490473761454,-1.620912839192619,-0.050116512397722524,1,1,200,112.0,1,1,89,0,1,46,1,1,85,1,1,1,0.1050892099738121,0.17921651899814606,0.059996094554662704,1.6986016591290193e-06
/workspace/ripl/t2/t1_seed3,best_eval_success_once.pt,rgb,3,0,247,7,0.014557920396327972,0.05792097747325897,0.019999999552965164,2.166984621579174,0.09873078763484955,-0.138295978307724,0.019999999552965164,2.5851800502658504,0.21350916915933613,0.41819542868667625,0.41819542868667625,1,1,200,107.0,1,1,94,0,1,38,1,1,86,1,1,1,0.10402198135852814,-0.1416747123003006,0.05999920517206192,1.062302307904977e-06
/workspace/ripl/t2/t1_seed3,best_eval_success_once.pt,rgb,3,0,248,8,-0.13649258017539978,-0.16363823413848877,0.019999999552965164,-2.1755230254906337,-0.07837571948766708,0.19251921772956848,0.019999999552965164,-1.9747130542995368,0.3608679814244329,0.2008099711910969,0.2008099711910969,1,1,200,84.0,1,1,110,0,1,44,1,1,104,1,1,1,-0.08342377841472626,0.18568797409534454,0.05999821797013283,0.0004520026691278522
/workspace/ripl/t2/t1_seed3,best_eval_success_once.pt,rgb,3,0,249,9,-0.002340942621231079,-0.06086721271276474,0.019999999552965164,-1.017245038358685,-0.0759124904870987,0.09326107054948807,0.019999999552965164,2.7685666464999095,0.17078729565383044,-2.4973736223209917,0.6442190312688014,1,1,200,108.0,1,1,93,0,1,45,1,1,92,1,1,1,-0.07444543391466141,0.09406621009111404,0.06000162661075592,1.7872854270101157e-06
/workspace/ripl/t2/t1_seed3,best_eval_success_once.pt,rgb,3,0,250,0,0.15708093345165253,-0.07131332159042358,0.019999999552965164,1.1516551035788283,0.09249082952737808,-0.2484557181596756,0.019999999552965164,0.10137193970293801,0.18855055074766217,-1.05028316387589,0.5205131629190065,1,0,200,6.0,0,1,116,1,1,57,0,1,110,0,1,1,0.10678307712078094,-0.18444791436195374,0.08918818086385727,0.01833580824070855
/workspace/ripl/t2/t1_seed3,best_eval_success_once.pt,rgb,3,0,251,1,-0.07986116409301758,-0.08108009397983551,0.019999999552965164,-1.2266162802221867,-0.11558234691619873,0.13363391160964966,0.019999999552965164,-1.6557058241794067,0.2176651260504737,-0.42908954395722,-0.42908954395722,1,1,200,96.0,1,1,105,0,1,47,1,1,98,1,1,1,-0.11693111807107925,0.12732242047786713,0.059999193996191025,0.00028396803421746594
/workspace/ripl/t2/t1_seed3,best_eval_success_once.pt,rgb,3,0,252,2,0.056536875665187836,-0.024944409728050232,0.019999999552965164,-3.080408160733379,-0.0594782829284668,-0.11489053815603256,0.019999999552965164,0.07166491832929456,0.14679857983881836,-3.131112228116913,0.010480425472880306,1,1,200,110.0,1,1,91,0,1,38,1,1,89,1,1,1,-0.0607328861951828,-0.10772737860679626,0.06000261753797531,1.3491775412494767e-06
/workspace/ripl/t2/t1_seed3,best_eval_success_once.pt,rgb,3,0,253,3,0.012273512780666351,-0.10060922056436539,0.019999999552965164,0.07290977440977775,-0.1540994644165039,-0.0026187971234321594,0.019999999552965164,-0.74827702981701,0.19308570798374367,-0.8211868042267878,0.7496095225681088,1,1,200,102.0,1,1,99,0,1,38,1,1,92,1,1,1,-0.16008102893829346,-0.0216659065335989,0.059996768832206726,1.0261055086724432e-05
/workspace/ripl/t2/t1_seed3,best_eval_success_once.pt,rgb,3,0,254,4,-0.008387178182601929,0.07991854101419449,0.019999999552965164,-0.7771084818952274,-0.0693734809756279,-0.13289594650268555,0.019999999552965164,1.177897997827058,0.22138052133246713,1.9550064797222855,0.3842101529273889,1,1,200,93.0,1,1,108,0,1,49,1,1,105,1,1,1,-0.08220940828323364,-0.13656176626682281,0.059999946504831314,0.0001233084927435145
/workspace/ripl/t2/t1_seed3,best_eval_success_once.pt,rgb,3,0,255,5,-0.02703835815191269,0.0809619352221489,0.019999999552965164,1.5594910193659575,0.051419369876384735,-0.01268402487039566,0.019999999552965164,-3.1344783941429775,0.12216865771963255,1.5892158936706515,0.018419566875754967,1,1,200,110.0,1,1,91,0,1,38,1,1,82,1,1,1,0.058743566274642944,-0.013335869647562504,0.05999761447310448,1.6772250794562308e-06
/workspace/ripl/t2/t1_seed3,best_eval_success_once.pt,rgb,3,0,256,6,-0.04648962616920471,-0.0017479434609413147,0.019999999552965164,0.9546345245117491,0.057376354932785034,0.0432724729180336,0.019999999552965164,-3.107836076535766,0.11320326815607032,2.220714706132071,0.6499183793371746,1,1,200,99.0,1,1,102,0,1,46,1,1,95,1,1,1,0.05521329119801521,0.03990963101387024,0.05999784916639328,6.237275251393534e-07
/workspace/ripl/t2/t1_seed3,best_eval_success_once.pt,rgb,3,0,257,7,-0.09208951145410538,-0.010133340954780579,0.019999999552965164,1.9591053662085745,-0.06338749825954437,0.06503050029277802,0.019999999552965164,-2.7691034548732274,0.0804574955644839,1.5549764860977842,-0.015819840697112397,1,1,200,108.0,1,1,93,0,1,40,1,1,88,1,1,1,-0.05834503099322319,0.06544387340545654,0.06000123545527458,0.0011596397545946763
/workspace/ripl/t2/t1_seed3,best_eval_success_once.pt,rgb,3,0,258,8,0.019129253923892975,0.023980461061000824,0.019999999552965164,2.4572346904213993,0.09116785228252411,-0.014404065907001495,0.019999999552965164,-2.245495137092851,0.08162678214920314,1.5804554796653356,0.009659152870439058,1,1,200,98.0,1,1,103,0,1,52,1,1,98,1,1,1,0.08635630458593369,-0.014351971447467804,0.059999730437994,1.0232556874436239e-06
/workspace/ripl/t2/t1_seed3,best_eval_success_once.pt,rgb,3,0,259,9,0.10255350172519684,-0.033369652926921844,0.019999999552965164,2.410949387868726,-0.03460278362035751,0.10561413317918777,0.019999999552965164,1.2619690888954305,0.19526479306362413,-1.1489802989732958,0.42181602782160077,1,1,200,97.0,1,1,104,0,1,47,1,1,99,1,1,1,-0.036893412470817566,0.09317904710769653,0.05998966097831726,1.6323446746591798e-06
/workspace/ripl/t2/t1_seed3,best_eval_success_once.pt,rgb,3,0,260,0,0.08658376336097717,-0.016092292964458466,0.019999999552965164,1.2226770367881619,0.02444000542163849,0.14626461267471313,0.019999999552965164,1.401184326975172,0.17384364083724774,0.17850729018701017,0.17850729018701017,1,1,200,106.0,1,1,95,0,1,42,1,1,91,1,1,1,0.016271185129880905,0.1405198723077774,0.059998705983161926,7.936551533682841e-07
/workspace/ripl/t2/t1_seed3,best_eval_success_once.pt,rgb,3,0,261,1,-0.11857341229915619,0.03180984407663345,0.019999999552965164,2.433729934152163,-0.044219933450222015,-0.13109621405601501,0.019999999552965164,-3.016024900474463,0.17907211841394166,0.8334304725529602,-0.7373658542419363,1,1,200,91.0,1,1,110,0,1,49,1,1,100,1,1,1,-0.042578116059303284,-0.13568051159381866,0.05999848246574402,7.536825742012713e-05
/workspace/ripl/t2/t1_seed3,best_eval_success_once.pt,rgb,3,0,262,2,-0.026669368147850037,-9.779632091522217e-05,0.019999999552965164,0.6031330689489773,0.07115516811609268,-0.192661851644516,0.019999999552965164,0.2593202949452982,0.21598739615525306,-0.34381277400367916,-0.34381277400367916,1,1,200,89.0,1,1,112,0,1,49,1,1,107,1,1,1,0.07149270176887512,-0.1982000768184662,0.06000341847538948,4.382997927432977e-05
/workspace/ripl/t2/t1_seed3,best_eval_success_once.pt,rgb,3,0,263,3,-0.04515065252780914,-0.1739148199558258,0.019999999552965164,-1.7028426723124195,-0.0037583746016025543,0.1253347098827362,0.019999999552965164,2.9964370751740756,0.3020986623282545,-1.5839055596930915,-0.013109232898194989,1,1,200,106.0,1,1,95,0,1,37,1,1,92,1,1,1,-0.0024522359017282724,0.12568965554237366,0.060002636164426804,1.0572907208451255e-06
/workspace/ripl/t2/t1_seed3,best_eval_success_once.pt,rgb,3,0,264,4,0.13104617595672607,0.29872167110443115,0.019999999552965164,-1.7844378862770949,0.07607602328062057,0.1384427547454834,0.019999999552965164,1.8675974519487464,0.16944334957274929,-2.6311499689537445,0.5104426846360486,0,0,200,0.0,0,0,-1,0,0,-1,0,0,-1,1,1,1,0.13104456663131714,0.29872238636016846,0.01999993994832039,6.031289862197245e-07
/workspace/ripl/t2/t1_seed3,best_eval_success_once.pt,rgb,3,0,265,5,0.031113848090171814,-0.08582555502653122,0.019999999552965164,-2.9826191292618436,-0.05877428501844406,-0.07628966122865677,0.019999999552965164,2.3509938495983302,0.09039253146292887,-0.9495723283194124,0.6212239984754842,1,1,200,116.0,1,1,85,0,1,39,1,1,84,1,1,1,-0.05876234546303749,-0.06990314275026321,0.05999999865889549,1.6108294819100166e-06
/workspace/ripl/t2/t1_seed3,best_eval_success_once.pt,rgb,3,0,266,6,0.0045151859521865845,-0.016924992203712463,0.019999999552965164,2.9795210436330937,-0.0613398440182209,-0.05108891427516937,0.019999999552965164,1.8108535109509254,0.07418934252106463,-1.1686675326821678,0.4021287941127287,1,0,200,3.0,0,1,89,0,1,37,0,1,79,1,1,1,0.14910264313220978,-0.039372220635414124,0.019999902695417404,0.13416741071384064
/workspace/ripl/t2/t1_seed3,best_eval_success_once.pt,rgb,3,0,267,7,-0.13413700461387634,-0.07246214896440506,0.019999999552965164,-0.17786722858882653,-0.11253573000431061,0.14256539940834045,0.019999999552965164,1.472723777951146,0.2161098369439746,1.6505910065399725,0.07979467974507592,1,1,200,90.0,1,1,111,0,1,50,1,1,109,1,1,1,-0.11211171746253967,0.13516119122505188,0.05999956279993057,3.440200203840493e-07
/workspace/ripl/t2/t1_seed3,best_eval_success_once.pt,rgb,3,0,268,8,0.02306259423494339,0.008370891213417053,0.019999999552965164,-0.018045249178504363,-0.07875851541757584,-0.1475035846233368,0.019999999552965164,-0.5677279154588892,0.18618375489889846,-0.5496826662803849,-0.5496826662803849,1,1,200,115.0,1,1,86,0,1,36,1,1,83,1,1,1,-0.07182655483484268,-0.1453402042388916,0.0600002147257328,1.2534649184453572e-05
/workspace/ripl/t2/t1_seed3,best_eval_success_once.pt,rgb,3,0,269,9,0.007097296416759491,0.2173321545124054,0.019999999552965164,-0.3465221685012989,-0.15571379661560059,-0.07431619614362717,0.019999999552965164,0.12830499242840476,0.3340152877560785,0.4748271609297037,0.4748271609297037,1,1,200,85.0,1,1,116,0,1,50,1,1,111,1,1,1,-0.14787910878658295,-0.06402502954006195,0.05999288335442543,4.7723047977424426e-06
/workspace/ripl/t2/t1_seed3,best_eval_success_once.pt,rgb,3,0,270,0,0.1307864934206009,-0.001850999891757965,0.019999999552965164,-0.5837552795576917,0.004886798560619354,-0.010048426687717438,0.019999999552965164,1.4775283337763534,0.1261662830232847,2.0612836133340453,0.49048728653914875,1,1,200,89.0,1,1,112,0,1,49,1,1,105,1,1,1,-0.003732467768713832,-0.009911244735121727,0.05999168008565903,7.760953313061467e-07
/workspace/ripl/t2/t1_seed3,best_eval_success_once.pt,rgb,3,0,271,1,-0.001861080527305603,0.08901350200176239,0.019999999552965164,-1.6124682168915374,0.10033605247735977,0.10541974008083344,0.019999999552965164,-2.530679457161691,0.103505645460914,-0.9182112402701534,0.6525850865247431,1,1,200,112.0,1,1,89,0,1,34,1,1,88,1,1,1,0.0974658876657486,0.09614779055118561,0.05999835580587387,1.1203899601444281e-06
/workspace/ripl/t2/t1_seed3,best_eval_success_once.pt,rgb,3,0,272,2,0.06611200422048569,-0.02029627561569214,0.019999999552965164,0.8139951713742306,-0.09633293002843857,0.17706531286239624,0.019999999552965164,-1.9735349201834715,0.25561680944282916,-2.787530091557702,0.35406256203209097,1,0,200,47.0,0,1,110,0,1,51,1,1,107,0,1,1,-0.1048019602894783,0.16359128057956696,0.05999574437737465,5.2063780790468295e-06
/workspace/ripl/t2/t1_seed3,best_eval_success_once.pt,rgb,3,0,273,3,0.04885184019804001,0.05881118029356003,0.019999999552965164,2.5886362460114585,-0.02152543142437935,0.008172892034053802,0.019999999552965164,-0.9123505116768502,0.08670176814153584,2.7821985494912775,-0.3593941040985156,1,1,200,111.0,1,1,90,0,1,45,1,1,86,1,1,1,-0.02112000435590744,0.011205785907804966,0.060000061988830566,4.263016546886515e-07
/workspace/ripl/t2/t1_seed3,best_eval_success_once.pt,rgb,3,0,274,4,0.022186048328876495,-0.20558400452136993,0.019999999552965164,-2.1079272004272562,-0.10585735738277435,-0.20165932178497314,0.019999999552965164,-1.1705682355609364,0.12810353968887742,0.9373589648663199,-0.6334373619285767,1,1,200,101.0,1,1,100,0,1,41,1,1,96,1,1,1,-0.10917525738477707,-0.19358450174331665,0.05999700725078583,4.148153821305523e-06
/workspace/ripl/t2/t1_seed3,best_eval_success_once.pt,rgb,3,0,275,5,0.09673315286636353,-0.018094882369041443,0.019999999552965164,2.3107459556520333,0.011884212493896484,0.05234062671661377,0.019999999552965164,1.2538487914760936,0.11027467353153164,-1.0568971641759397,0.5138991626189569,1,1,200,97.0,1,1,104,0,1,48,1,1,98,1,1,1,0.006846104748547077,0.04778464883565903,0.05999908596277237,2.008598318420329e-06
/workspace/ripl/t2/t1_seed3,best_eval_success_once.pt,rgb,3,0,276,6,-0.019398711621761322,0.09250301867723465,0.019999999552965164,-1.0449369692497825,-0.019303523004055023,-0.015441559255123138,0.019999999552965164,1.979200653540829,0.10794461990237311,3.0241376227906116,-0.11745503079918151,1,0,200,58.0,0,1,85,0,1,37,1,1,82,0,1,1,-0.03188645839691162,-0.01613767445087433,0.05999640002846718,3.4154216026988085e-05
/workspace/ripl/t2/t1_seed3,best_eval_success_once.pt,rgb,3,0,277,7,-0.05130118131637573,-0.16746997833251953,0.019999999552965164,2.0509881983055984,0.006250724196434021,0.07331691682338715,0.019999999552965164,1.7476603825691757,0.24756928465982403,-0.30332781573642276,-0.30332781573642276,1,1,200,99.0,1,1,102,0,1,48,1,1,100,1,1,1,-0.0029918754007667303,0.0822673812508583,0.05999085679650307,3.1486508755480354e-05
/workspace/ripl/t2/t1_seed3,best_eval_success_once.pt,rgb,3,0,278,8,-0.12379119545221329,0.23454782366752625,0.019999999552965164,-2.199770748638752,0.013443320989608765,0.24339887499809265,0.019999999552965164,1.2687129300844542,0.13751964809683395,-2.8147016284563797,0.3268910251334134,1,1,200,81.0,1,1,120,0,1,57,1,1,113,1,1,1,0.005420983768999577,0.24754521250724792,0.059999894350767136,6.44404540872221e-06
/workspace/ripl/t2/t1_seed3,best_eval_success_once.pt,rgb,3,0,279,9,0.041358478367328644,0.06763753294944763,0.019999999552965164,-2.6960766726902996,0.13010753691196442,-0.126430481672287,0.019999999552965164,2.627633877334549,0.21339819514649366,-0.9594747571547373,0.6113215696401593,1,1,200,80.0,1,1,95,0,1,37,1,1,89,1,1,1,0.11648395657539368,-0.12839369475841522,0.05999528244137764,3.3786226623567974e-06
/workspace/ripl/t2/t1_seed3,best_eval_success_once.pt,rgb,3,0,280,0,-0.07052639871835709,-0.03287018835544586,0.019999999552965164,0.725270633022959,-0.08633174002170563,-0.1899779736995697,0.019999999552965164,-3.139803473046781,0.15790080756427635,2.4181112011098467,-0.7234814524799464,1,1,200,93.0,1,1,108,0,1,50,1,1,103,1,1,1,-0.0898284763097763,-0.1822161227464676,0.05999850854277611,2.443972150513042e-07
/workspace/ripl/t2/t1_seed3,best_eval_success_once.pt,rgb,3,0,281,1,-0.03241343796253204,-0.08581099659204483,0.019999999552965164,1.9351033409607576,-0.036933138966560364,0.06364180147647858,0.019999999552965164,0.8664909863538375,0.14952112408511598,-1.0686123546069197,0.5021839721879768,1,1,200,109.0,1,1,92,0,1,44,1,1,90,1,1,1,-0.03614043816924095,0.05695189908146858,0.05999806895852089,1.6864829840932155e-06
/workspace/ripl/t2/t1_seed3,best_eval_success_once.pt,rgb,3,0,282,2,-0.08038888871669769,-0.08892228454351425,0.019999999552965164,0.6977594039291644,-0.13265758752822876,0.03710424154996872,0.019999999552965164,-1.8470744459182509,0.13643570703683802,-2.5448338498474152,0.5967588037423779,1,1,200,93.0,1,1,108,0,1,51,1,1,105,1,1,1,-0.139419823884964,0.03607616201043129,0.059999749064445496,4.861896335078563e-07
/workspace/ripl/t2/t1_seed3,best_eval_success_once.pt,rgb,3,0,283,3,0.11076398938894272,0.030785545706748962,0.019999999552965164,1.92276744329183,-0.0021621286869049072,-0.11636492609977722,0.019999999552965164,2.3623053550540947,0.18548738365873713,0.4395379117622644,0.4395379117622644,1,1,200,101.0,1,1,100,0,1,46,1,1,98,1,1,1,0.0018045175820589066,-0.1124483272433281,0.06000202149152756,9.62671457580984e-07
/workspace/ripl/t2/t1_seed3,best_eval_success_once.pt,rgb,3,0,284,4,0.01273665577173233,0.06177624315023422,0.019999999552965164,-2.009426760534339,0.10867141932249069,0.16690805554389954,0.019999999552965164,-1.7265966733308327,0.14232419623773307,0.28283008720350633,0.28283008720350633,1,1,200,100.0,1,1,101,0,1,45,1,1,94,1,1,1,0.09977234899997711,0.15928420424461365,0.060004767030477524,0.0001001004821281619
/workspace/ripl/t2/t1_seed3,best_eval_success_once.pt,rgb,3,0,285,5,0.019075356423854828,0.07593382894992828,0.019999999552965164,-2.9284973630505027,-0.024135936051607132,-0.1483263522386551,0.019999999552965164,2.4594390536683868,0.22838529870404567,-0.8952488904606968,0.6755474363341998,1,1,200,86.0,1,1,92,0,1,36,1,1,91,1,1,1,-0.03699987381696701,-0.15486037731170654,0.05999831482768059,1.8695404251439398e-05
/workspace/ripl/t2/t1_seed3,best_eval_success_once.pt,rgb,3,0,286,6,-0.01733720302581787,0.023326188325881958,0.019999999552965164,1.9877133934230413,-0.12564919888973236,0.08487135171890259,0.019999999552965164,-2.4503558008501827,0.12457646481217163,1.8451161129063625,0.2743197861114659,1,1,200,105.0,1,1,96,0,1,43,1,1,95,1,1,1,-0.1216728538274765,0.09577221423387527,0.059997882694005966,1.6375691416485604e-06
/workspace/ripl/t2/t1_seed3,best_eval_success_once.pt,rgb,3,0,287,7,0.18820349872112274,-0.18584975600242615,0.019999999552965164,-1.9899758240344925,0.05705266818404198,0.07327765226364136,0.019999999552965164,-1.6654257455859272,0.2904265037238429,0.3245500784485653,0.3245500784485653,0,0,200,0.0,0,0,-1,0,0,-1,0,0,-1,1,1,1,0.1977585405111313,-0.17774465680122375,0.019999900832772255,8.018032927077593e-07
/workspace/ripl/t2/t1_seed3,best_eval_success_once.pt,rgb,3,0,288,8,-0.06293094158172607,0.11130555719137192,0.019999999552965164,1.6054696739052443,-0.07098853588104248,0.04284227639436722,0.019999999552965164,-2.0927589899416406,0.06893580813613408,2.584956643332701,-0.5566360102570922,1,1,200,116.0,1,1,85,0,1,41,1,1,84,1,1,1,-0.06787556409835815,0.04149005934596062,0.05999905616044998,2.2101522892175486e-06
/workspace/ripl/t2/t1_seed3,best_eval_success_once.pt,rgb,3,0,289,9,-0.16312183439731598,-0.13661184906959534,0.019999999552965164,2.1794709460424855,-0.06653092056512833,-0.2621108293533325,0.019999999552965164,2.5431413159312615,0.15836602756650478,0.363670369888776,0.363670369888776,0,0,200,0.0,0,0,-1,0,1,55,0,1,109,1,1,1,-0.02483443170785904,-0.1749991625547409,0.019999923184514046,0.022920731998536774
/workspace/ripl/t2/t1_seed3,best_eval_success_once.pt,rgb,3,0,290,0,0.03672660142183304,-0.2431616336107254,0.019999999552965164,1.9809429578230602,0.04631664231419563,0.026964832097291946,0.019999999552965164,0.38421540747015204,0.2702966451146256,-1.5967275503529077,-0.02593122355801114,1,1,200,92.0,1,1,109,0,1,56,1,1,106,1,1,1,0.0439588762819767,0.02298544906079769,0.0600007101893425,6.00664795767583e-07
/workspace/ripl/t2/t1_seed3,best_eval_success_once.pt,rgb,3,0,291,1,-0.038536980748176575,-0.03323930501937866,0.019999999552965164,0.6284951024182908,-0.054283738136291504,0.10792462527751923,0.019999999552965164,1.13439749284698,0.14203948600691146,0.5059023904286892,0.5059023904286892,1,1,200,106.0,1,1,95,0,1,48,1,1,93,1,1,1,-0.0447983555495739,0.1109519973397255,0.06000164896249771,6.575216525536203e-07
/workspace/ripl/t2/t1_seed3,best_eval_success_once.pt,rgb,3,0,292,2,0.05749195069074631,0.09785420447587967,0.019999999552965164,2.5892353879094645,-0.11291307210922241,-0.09135141968727112,0.019999999552965164,1.072452607340717,0.2546303988341245,-1.5167827805687475,0.05401354622614907,1,1,200,87.0,1,1,111,0,1,48,1,1,104,1,1,1,-0.10629867762327194,-0.07995673269033432,0.059998851269483566,5.619634679893576e-07
/workspace/ripl/t2/t1_seed3,best_eval_success_once.pt,rgb,3,0,293,3,0.07756943255662918,-0.16557542979717255,0.019999999552965164,0.620295303598875,-0.012689381837844849,-0.05442577600479126,0.019999999552965164,2.523266371147331,0.14318135044083896,1.9029710675484561,0.33217474075355957,1,1,200,91.0,1,1,110,0,1,51,1,1,101,1,1,1,-0.005496401805430651,-0.0457615964114666,0.05999603495001793,1.5573317556942242e-06
/workspace/ripl/t2/t1_seed3,best_eval_success_once.pt,rgb,3,0,294,4,-0.01737777143716812,0.11076164990663528,0.019999999552965164,2.7982292458994795,-0.15562006831169128,-0.10748303681612015,0.019999999552965164,2.7924303297403865,0.2583441037218722,-0.005798916159093004,-0.005798916159093004,1,1,200,79.0,1,1,103,0,1,46,1,1,102,1,1,1,-0.1412903368473053,-0.09498204290866852,0.0599914975464344,0.0034980891206483587
/workspace/ripl/t2/t1_seed3,best_eval_success_once.pt,rgb,3,0,295,5,0.03065285086631775,0.2500236928462982,0.019999999552965164,1.26483002328579,-0.10574088245630264,0.04472728818655014,0.019999999552965164,-3.0449157415840524,0.24647487550641164,1.9734395423097437,0.40264321551484716,1,1,200,87.0,1,1,114,0,1,51,1,1,107,1,1,1,-0.10193578153848648,0.04356325417757034,0.06000150740146637,9.863299666519319e-07
/workspace/ripl/t2/t1_seed3,best_eval_success_once.pt,rgb,3,0,296,6,0.046494003385305405,0.09708888083696365,0.019999999552965164,1.3003297582661353,0.09188450127840042,0.22178387641906738,0.019999999552965164,3.1141769899687297,0.13269943188350103,1.8138472317025944,0.24305090490769787,1,1,200,111.0,1,1,90,0,1,39,1,1,83,1,1,1,0.0945696011185646,0.2117646187543869,0.05999787151813507,0.00024921540669122893
/workspace/ripl/t2/t1_seed3,best_eval_success_once.pt,rgb,3,0,297,7,-0.08031616359949112,-0.2565998136997223,0.019999999552965164,0.664281146139845,-0.09050357341766357,0.08301868289709091,0.019999999552965164,-3.0332415903279717,0.33977125621435816,2.5856625707117695,-0.5559300828780236,1,1,200,79.0,1,1,122,0,1,58,1,1,119,1,1,1,-0.09087861329317093,0.07870316505432129,0.0599985234439373,2.719206749036112e-07
/workspace/ripl/t2/t1_seed3,best_eval_success_once.pt,rgb,3,0,298,8,-0.13802151381969452,-0.22637230157852173,0.019999999552965164,1.4884229002401017,0.004804149270057678,0.01964101940393448,0.019999999552965164,2.433224250193638,0.28446743950379355,0.9448013499535364,-0.6259949768413602,1,1,200,92.0,1,1,109,0,1,50,1,1,108,1,1,1,0.00502933980897069,0.024706821888685226,0.05999867245554924,2.2540038671641707e-06
/workspace/ripl/t2/t1_seed3,best_eval_success_once.pt,rgb,3,0,299,9,0.11712358891963959,0.01666853576898575,0.019999999552965164,1.763352507791999,0.03316961228847504,0.10777417570352554,0.019999999552965164,-0.015860381576472182,0.12388909483916709,-1.7792128893684716,-0.208416562573575,1,1,200,102.0,1,1,99,0,1,48,1,1,96,1,1,1,0.026084844022989273,0.09679146856069565,0.05999819189310074,1.8740962492452414e-05
